{"x0": {"range": [0, 1], "params": {"mean": [0.8383499371430172], "std": [0.2]}, "noise": 0.01}, "x1": {"range": [0, 1], "params": {"mean": [0.1159174339853853], "std": [0.2]}, "noise": 0.01}}