{"x0": {"range": [0, 1], "params": {"mean": [0.8654910104575182], "std": [0.2]}, "noise": 0.01}, "x1": {"range": [0, 1], "params": {"mean": [0.19004539485671357], "std": [0.2]}, "noise": 0.01}}