{"x0": {"range": [0, 1], "params": {"mean": [0.8329597771040052], "std": [0.2]}, "noise": 0.01}, "x1": {"range": [0, 1], "params": {"mean": [0.039084485965151135], "std": [0.2]}, "noise": 0.01}}