{"x0": {"range": [0, 1], "params": {"mean": [0.8626166698538139], "std": [0.2]}, "noise": 0.01}, "x1": {"range": [0, 1], "params": {"mean": [0.13626986978955502], "std": [0.2]}, "noise": 0.01}}