{"x0": {"range": [0, 1], "params": {"mean": [0.9269966515852294], "std": [0.2]}, "noise": 0.01}, "x1": {"range": [0, 1], "params": {"mean": [0.009163036640495906], "std": [0.2]}, "noise": 0.01}}