{"x0": {"range": [0, 1], "params": {"mean": [0.8135546889423255], "std": [0.2]}, "noise": 0.01}, "x1": {"range": [0, 1], "params": {"mean": [0.16440969394521643], "std": [0.2]}, "noise": 0.01}}