{"x0": {"range": [0, 1], "params": {"mean": [0.9376035632738947], "std": [0.2]}, "noise": 0.01}, "x1": {"range": [0, 1], "params": {"mean": [0.13831261682991225], "std": [0.2]}, "noise": 0.01}}