{"x0": {"range": [0, 1], "params": {"mean": [0.8991476322131577], "std": [0.2]}, "noise": 0.01}, "x1": {"range": [0, 1], "params": {"mean": [0.01958041805430597], "std": [0.2]}, "noise": 0.01}}