{"x0": {"range": [0, 1], "params": {"mean": [0.7992552696361817], "std": [0.2]}, "noise": 0.01}, "x1": {"range": [0, 1], "params": {"mean": [0.111552623823824], "std": [0.2]}, "noise": 0.01}}