{"x0": {"range": [0, 1], "params": {"mean": [0.7220556357064535], "std": [0.2]}, "noise": 0.01}, "x1": {"range": [0, 1], "params": {"mean": [0.019539703322146745], "std": [0.2]}, "noise": 0.01}}