{"x0": {"range": [0, 1], "params": {"mean": [0.8255071732869352], "std": [0.2]}, "noise": 0.01}, "x1": {"range": [0, 1], "params": {"mean": [0.22930297692328777], "std": [0.2]}, "noise": 0.01}}