{"x0": {"range": [0, 1], "params": {"mean": [0.8097161472208617], "std": [0.2]}, "noise": 0.01}, "x1": {"range": [0, 1], "params": {"mean": [0.22397007404324332], "std": [0.2]}, "noise": 0.01}}