{"x0": {"range": [0, 1], "params": {"mean": [0.9019637995282117], "std": [0.2]}, "noise": 0.01}, "x1": {"range": [0, 1], "params": {"mean": [0.09388385327088535], "std": [0.2]}, "noise": 0.01}}