{"x0": {"range": [0, 1], "params": {"mean": [0.9106169856890438], "std": [0.2]}, "noise": 0.01}, "x1": {"range": [0, 1], "params": {"mean": [0.021847627642921606], "std": [0.2]}, "noise": 0.01}}