{"x0": {"range": [0, 1], "params": {"mean": [0.8871032798254793], "std": [0.2]}, "noise": 0.01}, "x1": {"range": [0, 1], "params": {"mean": [0.13118041232718086], "std": [0.2]}, "noise": 0.01}}