{"x0": {"range": [0, 1], "params": {"mean": [0.8649521708241795], "std": [0.2]}, "noise": 0.01}, "x1": {"range": [0, 1], "params": {"mean": [0.05327794945994653], "std": [0.2]}, "noise": 0.01}}