{"x0": {"range": [0, 1], "params": {"mean": [0.7476632024882647], "std": [0.2]}, "noise": 0.01}, "x1": {"range": [0, 1], "params": {"mean": [0.1164309529825145], "std": [0.2]}, "noise": 0.01}}