{"x0": {"range": [0, 1], "params": {"mean": [0.8565794580890537], "std": [0.2]}, "noise": 0.01}, "x1": {"range": [0, 1], "params": {"mean": [0.08150007874712581], "std": [0.2]}, "noise": 0.01}}