{"x0": {"range": [0, 1], "params": {"mean": [0.8301489116300345], "std": [0.2]}, "noise": 0.01}, "x1": {"range": [0, 1], "params": {"mean": [0.1464916862280934], "std": [0.2]}, "noise": 0.01}}