{"x0": {"range": [-5, 10], "params": {"mean": [4.2219691467123575], "std": [1.5]}, "noise": 0.15}, "x1": {"range": [0, 15], "params": {"mean": [4.797822622375305], "std": [1.5]}, "noise": 0.15}}