{"x0": {"range": [-5, 10], "params": {"mean": [0.30416506316390723], "std": [1.5]}, "noise": 0.15}, "x1": {"range": [0, 15], "params": {"mean": [2.4277610630966264], "std": [1.5]}, "noise": 0.15}}