{"x0": {"range": [-5, 10], "params": {"mean": [5.198918727825563], "std": [1.5]}, "noise": 0.15}, "x1": {"range": [0, 15], "params": {"mean": [0.967236452636006], "std": [1.5]}, "noise": 0.15}}