{"x0": {"range": [-5, 10], "params": {"mean": [2.7416525800202143], "std": [1.5]}, "noise": 0.15}, "x1": {"range": [0, 15], "params": {"mean": [2.1477144243061774], "std": [1.5]}, "noise": 0.15}}