{"x0": {"range": [-5, 10], "params": {"mean": [3.6420150137471117], "std": [1.5]}, "noise": 0.15}, "x1": {"range": [0, 15], "params": {"mean": [3.346408572382991], "std": [1.5]}, "noise": 0.15}}