{"x0": {"range": [-5, 10], "params": {"mean": [3.77330905934568], "std": [1.5]}, "noise": 0.15}, "x1": {"range": [0, 15], "params": {"mean": [3.0937338416220688], "std": [1.5]}, "noise": 0.15}}