{"x0": {"range": [-5, 10], "params": {"mean": [4.260619373334293], "std": [1.5]}, "noise": 0.15}, "x1": {"range": [0, 15], "params": {"mean": [2.257793067295631], "std": [1.5]}, "noise": 0.15}}