{"x0": {"range": [-5, 10], "params": {"mean": [4.092117432472132], "std": [1.5]}, "noise": 0.15}, "x1": {"range": [0, 15], "params": {"mean": [4.711357206430881], "std": [1.5]}, "noise": 0.15}}