{"x0": {"range": [-5, 10], "params": {"mean": [3.4405873416120496], "std": [1.5]}, "noise": 0.15}, "x1": {"range": [0, 15], "params": {"mean": [3.3067366918931462], "std": [1.5]}, "noise": 0.15}}