{"x0": {"range": [-5, 10], "params": {"mean": [4.049966119299203], "std": [1.5]}, "noise": 0.15}, "x1": {"range": [0, 15], "params": {"mean": [3.8958919684570774], "std": [1.5]}, "noise": 0.15}}