{"x0": {"range": [-5, 10], "params": {"mean": [4.5342085556901655], "std": [1.5]}, "noise": 0.15}, "x1": {"range": [0, 15], "params": {"mean": [1.727343578415714], "std": [1.5]}, "noise": 0.15}}