{"x0": {"range": [-5, 10], "params": {"mean": [5.465175045422095], "std": [1.5]}, "noise": 0.15}, "x1": {"range": [0, 15], "params": {"mean": [1.4947177645599388], "std": [1.5]}, "noise": 0.15}}