{"x0": {"range": [-5, 10], "params": {"mean": [4.011757435705211], "std": [1.5]}, "noise": 0.15}, "x1": {"range": [0, 15], "params": {"mean": [3.041588270090728], "std": [1.5]}, "noise": 0.15}}