{"x0": {"range": [-5, 10], "params": {"mean": [2.822164494577184], "std": [1.5]}, "noise": 0.15}, "x1": {"range": [0, 15], "params": {"mean": [2.7970095312475056], "std": [1.5]}, "noise": 0.15}}