{"x0": {"range": [-5, 10], "params": {"mean": [1.593042444259063], "std": [1.5]}, "noise": 0.15}, "x1": {"range": [0, 15], "params": {"mean": [1.3910705760185604], "std": [1.5]}, "noise": 0.15}}