{"x0": {"range": [-5, 10], "params": {"mean": [3.1055837549057577], "std": [1.5]}, "noise": 0.15}, "x1": {"range": [0, 15], "params": {"mean": [2.0391837804257946], "std": [1.5]}, "noise": 0.15}}