{"x0": {"range": [-5, 10], "params": {"mean": [2.351567660465458], "std": [1.5]}, "noise": 0.15}, "x1": {"range": [0, 15], "params": {"mean": [4.765839374706319], "std": [1.5]}, "noise": 0.15}}