{"x0": {"range": [-5, 10], "params": {"mean": [3.032829755217912], "std": [1.5]}, "noise": 0.15}, "x1": {"range": [0, 15], "params": {"mean": [4.652777392767467], "std": [1.5]}, "noise": 0.15}}