{"x0": {"range": [-5, 10], "params": {"mean": [3.3240993105920222], "std": [1.5]}, "noise": 0.15}, "x1": {"range": [0, 15], "params": {"mean": [1.2432561747487298], "std": [1.5]}, "noise": 0.15}}