{"x0": {"range": [0, 1], "params": {"mean": [0.1414497987849218], "std": [0.01]}, "noise": 0.01}, "x1": {"range": [0, 1], "params": {"mean": [0.9672871660762487], "std": [0.01]}, "noise": 0.01}, "x2": {"range": [0, 1], "params": {"mean": [0.6749646491939361], "std": [0.01]}, "noise": 0.01}, "x3": {"range": [0, 1], "params": {"mean": [0.5909687918058195], "std": [0.01]}, "noise": 0.01}, "x4": {"range": [0, 1], "params": {"mean": [0.9682798142510711], "std": [0.01]}, "noise": 0.01}, "x5": {"range": [0, 1], "params": {"mean": [0.11788340788345503], "std": [0.01]}, "noise": 0.01}, "x6": {"range": [0, 1], "params": {"mean": [0.06787610412650859], "std": [0.01]}, "noise": 0.01}, "x7": {"range": [0, 1], "params": {"mean": [0.9307988750994628], "std": [0.01]}, "noise": 0.01}}