{"x0": {"range": [0, 1], "params": {"mean": [0.006694241372033782], "std": [0.25]}, "noise": 0.1}, "x1": {"range": [0, 1], "params": {"mean": [0.9504492823235438], "std": [0.25]}, "noise": 0.1}, "x2": {"range": [0, 1], "params": {"mean": [0.6584663493604882], "std": [0.25]}, "noise": 0.1}, "x3": {"range": [0, 1], "params": {"mean": [0.4046473144558097], "std": [0.25]}, "noise": 0.1}, "x4": {"range": [0, 1], "params": {"mean": [0.9721638092898367], "std": [0.25]}, "noise": 0.1}, "x5": {"range": [0, 1], "params": {"mean": [0.03634218850545965], "std": [0.25]}, "noise": 0.1}, "x6": {"range": [0, 1], "params": {"mean": [0.03424388029136181], "std": [0.25]}, "noise": 0.1}, "x7": {"range": [0, 1], "params": {"mean": [0.36007956107725947], "std": [0.25]}, "noise": 0.1}}