{"x0": {"range": [0, 1], "params": {"mean": [0.029469113760496195], "std": [0.25]}, "noise": 0.1}, "x1": {"range": [0, 1], "params": {"mean": [0.9501782706230061], "std": [0.25]}, "noise": 0.1}, "x2": {"range": [0, 1], "params": {"mean": [0.6837337973888669], "std": [0.25]}, "noise": 0.1}, "x3": {"range": [0, 1], "params": {"mean": [0.3929583560571442], "std": [0.25]}, "noise": 0.1}, "x4": {"range": [0, 1], "params": {"mean": [0.9623754219404821], "std": [0.25]}, "noise": 0.1}, "x5": {"range": [0, 1], "params": {"mean": [0.020471250629343796], "std": [0.25]}, "noise": 0.1}, "x6": {"range": [0, 1], "params": {"mean": [0.005414776012675791], "std": [0.25]}, "noise": 0.1}, "x7": {"range": [0, 1], "params": {"mean": [0.4702614580866544], "std": [0.25]}, "noise": 0.1}}