{"x0": {"range": [0, 1], "params": {"mean": [0.19823745198906406], "std": [0.2]}, "noise": 0.01}, "x1": {"range": [0, 1], "params": {"mean": [0.3657886222171269], "std": [0.2]}, "noise": 0.01}, "x2": {"range": [0, 1], "params": {"mean": [0.2734560027701113], "std": [0.2]}, "noise": 0.01}, "x3": {"range": [0, 1], "params": {"mean": [0.7359337954147993], "std": [0.2]}, "noise": 0.01}, "x4": {"range": [0, 1], "params": {"mean": [0.11937711179318983], "std": [0.2]}, "noise": 0.01}, "x5": {"range": [0, 1], "params": {"mean": [0.3366995628313816], "std": [0.2]}, "noise": 0.01}}