{"x0": {"range": [0, 1], "params": {"mean": [0.30288066024852667], "std": [0.1]}, "noise": 0.01}, "x1": {"range": [0, 1], "params": {"mean": [0.9599165950229311], "std": [0.1]}, "noise": 0.01}, "x2": {"range": [0, 1], "params": {"mean": [0.6579817678471842], "std": [0.1]}, "noise": 0.01}, "x3": {"range": [0, 1], "params": {"mean": [0.3202067316665335], "std": [0.1]}, "noise": 0.01}, "x4": {"range": [0, 1], "params": {"mean": [0.7576398062565559], "std": [0.1]}, "noise": 0.01}, "x5": {"range": [0, 1], "params": {"mean": [0.18146637988408998], "std": [0.1]}, "noise": 0.01}, "x6": {"range": [0, 1], "params": {"mean": [0.2751478147565909], "std": [0.1]}, "noise": 0.01}, "x7": {"range": [0, 1], "params": {"mean": [0.3879950484566797], "std": [0.1]}, "noise": 0.01}}