{"x0": {"range": [0, 1], "params": {"mean": [0.06893310728581904], "std": [0.1]}, "noise": 0.01}, "x1": {"range": [0, 1], "params": {"mean": [0.931525146258547], "std": [0.1]}, "noise": 0.01}, "x2": {"range": [0, 1], "params": {"mean": [0.5430391686076457], "std": [0.1]}, "noise": 0.01}, "x3": {"range": [0, 1], "params": {"mean": [0.38039421247596117], "std": [0.1]}, "noise": 0.01}, "x4": {"range": [0, 1], "params": {"mean": [0.9177725603631066], "std": [0.1]}, "noise": 0.01}, "x5": {"range": [0, 1], "params": {"mean": [0.026906598132394956], "std": [0.1]}, "noise": 0.01}, "x6": {"range": [0, 1], "params": {"mean": [0.04196039423656775], "std": [0.1]}, "noise": 0.01}, "x7": {"range": [0, 1], "params": {"mean": [0.4164866454271234], "std": [0.1]}, "noise": 0.01}}