{"x0": {"range": [-5, 10], "params": {"mean": [3.619248549716028], "std": [0.15]}, "noise": 0.15}, "x1": {"range": [0, 15], "params": {"mean": [2.3695281316215446], "std": [0.15]}, "noise": 0.15}}