{"x0": {"range": [-5, 10], "params": {"mean": [2.798972256765162], "std": [0.15]}, "noise": 0.15}, "x1": {"range": [0, 15], "params": {"mean": [2.0794799004363846], "std": [0.15]}, "noise": 0.15}}