{"x0": {"range": [-5, 10], "params": {"mean": [3.317850357575868], "std": [0.15]}, "noise": 0.15}, "x1": {"range": [0, 15], "params": {"mean": [1.9259358931954256], "std": [0.15]}, "noise": 0.15}}