{"x0": {"range": [-5, 10], "params": {"mean": [2.799416782971533], "std": [0.15]}, "noise": 0.15}, "x1": {"range": [0, 15], "params": {"mean": [2.681674339743882], "std": [0.15]}, "noise": 0.15}}