{"x0": {"range": [-5, 10], "params": {"mean": [2.71277976776948], "std": [0.15]}, "noise": 0.15}, "x1": {"range": [0, 15], "params": {"mean": [1.9882651874649981], "std": [0.15]}, "noise": 0.15}}