{"x0": {"range": [-5, 10], "params": {"mean": [2.6358881032181056], "std": [0.15]}, "noise": 0.15}, "x1": {"range": [0, 15], "params": {"mean": [2.3649779654183245], "std": [0.15]}, "noise": 0.15}}