{"x0": {"range": [-5, 10], "params": {"mean": [2.924676803341552], "std": [0.15]}, "noise": 0.15}, "x1": {"range": [0, 15], "params": {"mean": [2.3219496115706195], "std": [0.15]}, "noise": 0.15}}