{"x0": {"range": [-5, 10], "params": {"mean": [3.3796970771811337], "std": [0.15]}, "noise": 0.15}, "x1": {"range": [0, 15], "params": {"mean": [2.096673361521109], "std": [0.15]}, "noise": 0.15}}