{"x0": {"range": [-5, 10], "params": {"mean": [3.6873333133063033], "std": [0.15]}, "noise": 0.15}, "x1": {"range": [0, 15], "params": {"mean": [1.8950501957501447], "std": [0.15]}, "noise": 0.15}}