{"x0": {"range": [-5, 10], "params": {"mean": [3.574115287214891], "std": [0.15]}, "noise": 0.15}, "x1": {"range": [0, 15], "params": {"mean": [2.090686634400646], "std": [0.15]}, "noise": 0.15}}