{"x0": {"range": [-5, 10], "params": {"mean": [3.6041465698812423], "std": [0.15]}, "noise": 0.15}, "x1": {"range": [0, 15], "params": {"mean": [2.503381051981288], "std": [0.15]}, "noise": 0.15}}