{"x0": {"range": [-5, 10], "params": {"mean": [3.0563716772443623], "std": [0.15]}, "noise": 0.15}, "x1": {"range": [0, 15], "params": {"mean": [2.4189221453775254], "std": [0.15]}, "noise": 0.15}}