{"x0": {"range": [-5, 10], "params": {"mean": [2.799046737539817], "std": [0.15]}, "noise": 0.15}, "x1": {"range": [0, 15], "params": {"mean": [2.5601938979626855], "std": [0.15]}, "noise": 0.15}}