{"x0": {"range": [-5, 10], "params": {"mean": [3.263173535537467], "std": [0.15]}, "noise": 0.15}, "x1": {"range": [0, 15], "params": {"mean": [2.5316624831579446], "std": [0.15]}, "noise": 0.15}}