{"x0": {"range": [-5, 10], "params": {"mean": [3.3815622714379288], "std": [0.15]}, "noise": 0.15}, "x1": {"range": [0, 15], "params": {"mean": [2.178051619960228], "std": [0.15]}, "noise": 0.15}}