{"x0": {"range": [-5, 10], "params": {"mean": [3.265383736563473], "std": [0.15]}, "noise": 0.15}, "x1": {"range": [0, 15], "params": {"mean": [2.5806614355342408], "std": [0.15]}, "noise": 0.15}}