{"x0": {"range": [-5, 10], "params": {"mean": [3.2829585548931766], "std": [0.15]}, "noise": 0.15}, "x1": {"range": [0, 15], "params": {"mean": [2.830352496435234], "std": [0.15]}, "noise": 0.15}}