{"x0": {"range": [-5, 10], "params": {"mean": [3.0447801396054563], "std": [0.15]}, "noise": 0.15}, "x1": {"range": [0, 15], "params": {"mean": [2.0026495479918065], "std": [0.15]}, "noise": 0.15}}