{"x0": {"range": [-5, 10], "params": {"mean": [3.095257347088232], "std": [0.15]}, "noise": 0.15}, "x1": {"range": [0, 15], "params": {"mean": [2.4097717809050323], "std": [0.15]}, "noise": 0.15}}