{"x0": {"range": [0, 1], "params": {"mean": [0.46817607439079434], "std": [0.01]}, "noise": 0.01}, "x1": {"range": [0, 1], "params": {"mean": [0.5420899394594548], "std": [0.01]}, "noise": 0.01}, "x2": {"range": [0, 1], "params": {"mean": [0.3594245597017996], "std": [0.01]}, "noise": 0.01}, "x3": {"range": [0, 1], "params": {"mean": [0.058377086610612555], "std": [0.01]}, "noise": 0.01}, "x4": {"range": [0, 1], "params": {"mean": [0.31013805853410364], "std": [0.01]}, "noise": 0.01}, "x5": {"range": [0, 1], "params": {"mean": [0.5405332106986849], "std": [0.01]}, "noise": 0.01}}