{"x0": {"range": [0, 1], "params": {"mean": [0.22097737312350751], "std": [0.01]}, "noise": 0.01}, "x1": {"range": [0, 1], "params": {"mean": [0.5599986641939908], "std": [0.01]}, "noise": 0.01}, "x2": {"range": [0, 1], "params": {"mean": [0.39992327538657557], "std": [0.01]}, "noise": 0.01}, "x3": {"range": [0, 1], "params": {"mean": [0.6840729234713459], "std": [0.01]}, "noise": 0.01}, "x4": {"range": [0, 1], "params": {"mean": [0.3557043663263329], "std": [0.01]}, "noise": 0.01}, "x5": {"range": [0, 1], "params": {"mean": [0.9165582861211707], "std": [0.01]}, "noise": 0.01}}