{"x0": {"range": [0, 1], "params": {"mean": [0.0036296058389225657], "std": [0.1]}, "noise": 0.01}, "x1": {"range": [0, 1], "params": {"mean": [0.989490917993547], "std": [0.1]}, "noise": 0.01}, "x2": {"range": [0, 1], "params": {"mean": [0.6349905305978227], "std": [0.1]}, "noise": 0.01}, "x3": {"range": [0, 1], "params": {"mean": [0.408628091939787], "std": [0.1]}, "noise": 0.01}, "x4": {"range": [0, 1], "params": {"mean": [0.9930393548714048], "std": [0.1]}, "noise": 0.01}, "x5": {"range": [0, 1], "params": {"mean": [3.112317157094949e-05], "std": [0.1]}, "noise": 0.01}, "x6": {"range": [0, 1], "params": {"mean": [0.0006980699142887242], "std": [0.1]}, "noise": 0.01}, "x7": {"range": [0, 1], "params": {"mean": [0.4273808056601014], "std": [0.1]}, "noise": 0.01}}