{"x0": {"range": [-5, 10], "params": {"mean": [-4.999276789971868], "std": [0.15]}, "noise": 0.0}, "x1": {"range": [0, 15], "params": {"mean": [0.001994065426049721], "std": [0.15]}, "noise": 0.0}}