{"x0": {"range": [0, 1], "params": {"mean": [0.01817368915868711], "std": [0.25]}, "noise": 0.1}, "x1": {"range": [0, 1], "params": {"mean": [0.9313405461527224], "std": [0.25]}, "noise": 0.1}, "x2": {"range": [0, 1], "params": {"mean": [0.7353209556331892], "std": [0.25]}, "noise": 0.1}, "x3": {"range": [0, 1], "params": {"mean": [0.30331355666369036], "std": [0.25]}, "noise": 0.1}, "x4": {"range": [0, 1], "params": {"mean": [0.9144700192560495], "std": [0.25]}, "noise": 0.1}, "x5": {"range": [0, 1], "params": {"mean": [0.050839208321538924], "std": [0.25]}, "noise": 0.1}, "x6": {"range": [0, 1], "params": {"mean": [0.06857702847455141], "std": [0.25]}, "noise": 0.1}, "x7": {"range": [0, 1], "params": {"mean": [0.4456637348997287], "std": [0.25]}, "noise": 0.1}}