{"x0": {"range": [-5, 10], "params": {"mean": [4.118749636919805], "std": [3.75]}, "noise": 0.15}, "x1": {"range": [0, 15], "params": {"mean": [1.1369494545606706], "std": [3.75]}, "noise": 0.15}}