{"x0": {"range": [-5, 10], "params": {"mean": [3.6843831232955857], "std": [3.75]}, "noise": 0.15}, "x1": {"range": [0, 15], "params": {"mean": [3.6733474622936253], "std": [3.75]}, "noise": 0.15}}