{"x0": {"range": [-5, 10], "params": {"mean": [2.2683337134903585], "std": [3.75]}, "noise": 0.15}, "x1": {"range": [0, 15], "params": {"mean": [1.055400287770044], "std": [3.75]}, "noise": 0.15}}