{"x0": {"range": [-5, 10], "params": {"mean": [2.1372082524476452], "std": [3.75]}, "noise": 0.15}, "x1": {"range": [0, 15], "params": {"mean": [1.1609006753508562], "std": [3.75]}, "noise": 0.15}}