{"x0": {"range": [-5, 10], "params": {"mean": [1.7618211109718587], "std": [3.75]}, "noise": 0.15}, "x1": {"range": [0, 15], "params": {"mean": [1.686580240924857], "std": [3.75]}, "noise": 0.15}}