{"x0": {"range": [-5, 10], "params": {"mean": [3.304804566217876], "std": [3.0]}, "noise": 0.15}, "x1": {"range": [0, 15], "params": {"mean": [2.330744456391268], "std": [3.0]}, "noise": 0.15}}