{"x0": {"range": [-5, 10], "params": {"mean": [3.2754190586978504], "std": [3.0]}, "noise": 0.15}, "x1": {"range": [0, 15], "params": {"mean": [2.1165492353609325], "std": [3.0]}, "noise": 0.15}}