{"x0": {"range": [-5, 10], "params": {"mean": [3.046633096468536], "std": [3.0]}, "noise": 0.15}, "x1": {"range": [0, 15], "params": {"mean": [2.1475644090495667], "std": [3.0]}, "noise": 0.15}}