{"x0": {"range": [-5, 10], "params": {"mean": [3.0863525445509024], "std": [3.0]}, "noise": 0.15}, "x1": {"range": [0, 15], "params": {"mean": [2.404883708906049], "std": [3.0]}, "noise": 0.15}}