{"x0": {"range": [-5, 10], "params": {"mean": [2.8242339372521466], "std": [3.0]}, "noise": 0.15}, "x1": {"range": [0, 15], "params": {"mean": [2.207093246609499], "std": [3.0]}, "noise": 0.15}}