{"x0": {"range": [-5, 10], "params": {"mean": [3.154298857728682], "std": [3.0]}, "noise": 0.15}, "x1": {"range": [0, 15], "params": {"mean": [2.3026071604450014], "std": [3.0]}, "noise": 0.15}}