{"x0": {"range": [-5, 10], "params": {"mean": [3.3663116553564403], "std": [3.0]}, "noise": 0.15}, "x1": {"range": [0, 15], "params": {"mean": [2.227658561288227], "std": [3.0]}, "noise": 0.15}}