{"x0": {"range": [-5, 10], "params": {"mean": [3.1770644708203557], "std": [3.0]}, "noise": 0.15}, "x1": {"range": [0, 15], "params": {"mean": [2.3501488343879857], "std": [3.0]}, "noise": 0.15}}