{"x0": {"range": [-5, 10], "params": {"mean": [2.9790825930674925], "std": [3.0]}, "noise": 0.15}, "x1": {"range": [0, 15], "params": {"mean": [2.2079500681445694], "std": [3.0]}, "noise": 0.15}}