{"x0": {"range": [-5, 10], "params": {"mean": [3.190042273985023], "std": [3.0]}, "noise": 0.15}, "x1": {"range": [0, 15], "params": {"mean": [2.0121104051137766], "std": [3.0]}, "noise": 0.15}}