{"x0": {"range": [-5, 10], "params": {"mean": [3.4206082784957133], "std": [3.0]}, "noise": 0.15}, "x1": {"range": [0, 15], "params": {"mean": [2.062670043056503], "std": [3.0]}, "noise": 0.15}}