{"x0": {"range": [-5, 10], "params": {"mean": [3.147615015531628], "std": [3.0]}, "noise": 0.15}, "x1": {"range": [0, 15], "params": {"mean": [2.1870209144935036], "std": [3.0]}, "noise": 0.15}}