{"x0": {"range": [-5, 10], "params": {"mean": [3.2783547544552882], "std": [3.0]}, "noise": 0.15}, "x1": {"range": [0, 15], "params": {"mean": [2.4491133756912946], "std": [3.0]}, "noise": 0.15}}