{"x0": {"range": [-5, 10], "params": {"mean": [3.3772176518500796], "std": [3.0]}, "noise": 0.15}, "x1": {"range": [0, 15], "params": {"mean": [2.23609780144416], "std": [3.0]}, "noise": 0.15}}