{"x0": {"range": [-5, 10], "params": {"mean": [3.1491184738913645], "std": [3.0]}, "noise": 0.15}, "x1": {"range": [0, 15], "params": {"mean": [2.2207176902211314], "std": [3.0]}, "noise": 0.15}}