{"x0": {"range": [-5, 10], "params": {"mean": [3.2531176908716053], "std": [3.0]}, "noise": 0.15}, "x1": {"range": [0, 15], "params": {"mean": [2.065839149613956], "std": [3.0]}, "noise": 0.15}}