{"x0": {"range": [-5, 10], "params": {"mean": [2.95247278875278], "std": [3.0]}, "noise": 0.15}, "x1": {"range": [0, 15], "params": {"mean": [2.245949397294018], "std": [3.0]}, "noise": 0.15}}