{"x0": {"range": [-5, 10], "params": {"mean": [3.0837376171364004], "std": [3.0]}, "noise": 0.15}, "x1": {"range": [0, 15], "params": {"mean": [2.2730514629014897], "std": [3.0]}, "noise": 0.15}}