{"x0": {"range": [0, 1], "params": {"mean": [0.9084023703288266], "std": [0.05]}, "noise": 0.01}, "x1": {"range": [0, 1], "params": {"mean": [0.030451486730207353], "std": [0.05]}, "noise": 0.01}}