{"x0": {"range": [0, 1], "params": {"mean": [0.874553353731542], "std": [0.05]}, "noise": 0.01}, "x1": {"range": [0, 1], "params": {"mean": [0.025554753307597985], "std": [0.05]}, "noise": 0.01}}