{"x0": {"range": [0, 1], "params": {"mean": [0.9052980304581418], "std": [0.05]}, "noise": 0.01}, "x1": {"range": [0, 1], "params": {"mean": [0.018761190639309002], "std": [0.05]}, "noise": 0.01}}