{"x0": {"range": [0, 1], "params": {"mean": [0.8947975815032927], "std": [0.05]}, "noise": 0.01}, "x1": {"range": [0, 1], "params": {"mean": [0.0050004805357350204], "std": [0.05]}, "noise": 0.01}}