{"x0": {"range": [0, 1], "params": {"mean": [0.8718740668497121], "std": [0.05]}, "noise": 0.01}, "x1": {"range": [0, 1], "params": {"mean": [0.022413540290178988], "std": [0.05]}, "noise": 0.01}}