{"x0": {"range": [0, 1], "params": {"mean": [0.9071654103666014], "std": [0.05]}, "noise": 0.01}, "x1": {"range": [0, 1], "params": {"mean": [0.052169043112782525], "std": [0.05]}, "noise": 0.01}}