{"x0": {"range": [0, 1], "params": {"mean": [0.9095634143518649], "std": [0.05]}, "noise": 0.01}, "x1": {"range": [0, 1], "params": {"mean": [0.029026711898980276], "std": [0.05]}, "noise": 0.01}}