{"x0": {"range": [0, 1], "params": {"mean": [0.8787238856731869], "std": [0.05]}, "noise": 0.01}, "x1": {"range": [0, 1], "params": {"mean": [0.018081057755313632], "std": [0.05]}, "noise": 0.01}}