{"x0": {"range": [0, 1], "params": {"mean": [0.8748801367558144], "std": [0.05]}, "noise": 0.01}, "x1": {"range": [0, 1], "params": {"mean": [0.026192273516685426], "std": [0.05]}, "noise": 0.01}}