{"x0": {"range": [0, 1], "params": {"mean": [0.8796578533154759], "std": [0.05]}, "noise": 0.01}, "x1": {"range": [0, 1], "params": {"mean": [0.03329252704813168], "std": [0.05]}, "noise": 0.01}}