{"x0": {"range": [0, 1], "params": {"mean": [0.8892861642504796], "std": [0.05]}, "noise": 0.01}, "x1": {"range": [0, 1], "params": {"mean": [0.03576117041338047], "std": [0.05]}, "noise": 0.01}}