{"x0": {"range": [0, 1], "params": {"mean": [0.8883866432795124], "std": [0.05]}, "noise": 0.01}, "x1": {"range": [0, 1], "params": {"mean": [0.02742508325402273], "std": [0.05]}, "noise": 0.01}}