{"x0": {"range": [0, 1], "params": {"mean": [0.9000355525877226], "std": [0.05]}, "noise": 0.01}, "x1": {"range": [0, 1], "params": {"mean": [0.05536177148406564], "std": [0.05]}, "noise": 0.01}}