{"x0": {"range": [0, 1], "params": {"mean": [0.9219975247221864], "std": [0.05]}, "noise": 0.01}, "x1": {"range": [0, 1], "params": {"mean": [0.07386727437133768], "std": [0.05]}, "noise": 0.01}}