{"x0": {"range": [0, 1], "params": {"mean": [0.8842901276521123], "std": [0.05]}, "noise": 0.01}, "x1": {"range": [0, 1], "params": {"mean": [0.036551859887823474], "std": [0.05]}, "noise": 0.01}}