{"x0": {"range": [0, 1], "params": {"mean": [0.8850554965941508], "std": [0.05]}, "noise": 0.01}, "x1": {"range": [0, 1], "params": {"mean": [0.059164928428869196], "std": [0.05]}, "noise": 0.01}}