{"x0": {"range": [0, 1], "params": {"mean": [0.9648864132140731], "std": [0.05]}, "noise": 0.01}, "x1": {"range": [0, 1], "params": {"mean": [0.031605579791016886], "std": [0.05]}, "noise": 0.01}}