{"x0": {"range": [0, 1], "params": {"mean": [0.879545161950457], "std": [0.05]}, "noise": 0.01}, "x1": {"range": [0, 1], "params": {"mean": [0.03698101799891243], "std": [0.05]}, "noise": 0.01}}