{"x0": {"range": [0, 1], "params": {"mean": [0.8873261476086612], "std": [0.05]}, "noise": 0.01}, "x1": {"range": [0, 1], "params": {"mean": [0.02749850379079452], "std": [0.05]}, "noise": 0.01}}