{"x0": {"range": [-5, 10], "params": {"mean": [3.760468778723533], "std": [3.75]}, "noise": 0.15}, "x1": {"range": [0, 15], "params": {"mean": [1.8513385110189169], "std": [3.75]}, "noise": 0.15}}