{"x0": {"range": [-5, 10], "params": {"mean": [2.9287556830821972], "std": [3.75]}, "noise": 0.15}, "x1": {"range": [0, 15], "params": {"mean": [1.5558327360466604], "std": [3.75]}, "noise": 0.15}}