{"x0": {"range": [-5, 10], "params": {"mean": [2.73518493030441], "std": [3.75]}, "noise": 0.15}, "x1": {"range": [0, 15], "params": {"mean": [1.6446549204398258], "std": [3.75]}, "noise": 0.15}}