{"x0": {"range": [-5, 10], "params": {"mean": [3.608714809772193], "std": [3.75]}, "noise": 0.15}, "x1": {"range": [0, 15], "params": {"mean": [1.688233937505506], "std": [3.75]}, "noise": 0.15}}