{"x0": {"range": [-5, 10], "params": {"mean": [2.723390041343708], "std": [3.75]}, "noise": 0.15}, "x1": {"range": [0, 15], "params": {"mean": [2.8975823596761123], "std": [3.75]}, "noise": 0.15}}