{"x0": {"range": [0, 1], "params": {"mean": [0.794683446260752], "std": [0.25]}, "noise": 0.1}, "x1": {"range": [0, 1], "params": {"mean": [0.00999634722175145], "std": [0.25]}, "noise": 0.1}}