{"x0": {"range": [0, 1], "params": {"mean": [0.7927680334724033], "std": [0.25]}, "noise": 0.1}, "x1": {"range": [0, 1], "params": {"mean": [0.04457421044003553], "std": [0.25]}, "noise": 0.1}}