{"x0": {"range": [0, 1], "params": {"mean": [0.957476883509008], "std": [0.25]}, "noise": 0.1}, "x1": {"range": [0, 1], "params": {"mean": [0.10837137450919199], "std": [0.25]}, "noise": 0.1}}