{"x0": {"range": [0, 1], "params": {"mean": [0.991815410646423], "std": [0.25]}, "noise": 0.1}, "x1": {"range": [0, 1], "params": {"mean": [0.039785719885978496], "std": [0.25]}, "noise": 0.1}}