{"x0": {"range": [0, 1], "params": {"mean": [0.9122932801517545], "std": [0.25]}, "noise": 0.1}, "x1": {"range": [0, 1], "params": {"mean": [0.13066527319285803], "std": [0.25]}, "noise": 0.1}}