{"x0": {"range": [0, 1], "params": {"mean": [0.007509895982693368], "std": [0.01]}, "noise": 0.01}, "x1": {"range": [0, 1], "params": {"mean": [0.9733923143298476], "std": [0.01]}, "noise": 0.01}, "x2": {"range": [0, 1], "params": {"mean": [0.6390350294710795], "std": [0.01]}, "noise": 0.01}, "x3": {"range": [0, 1], "params": {"mean": [0.42121960426979577], "std": [0.01]}, "noise": 0.01}, "x4": {"range": [0, 1], "params": {"mean": [0.988526317733309], "std": [0.01]}, "noise": 0.01}, "x5": {"range": [0, 1], "params": {"mean": [0.001314555833330569], "std": [0.01]}, "noise": 0.01}, "x6": {"range": [0, 1], "params": {"mean": [0.0008533062216731066], "std": [0.01]}, "noise": 0.01}, "x7": {"range": [0, 1], "params": {"mean": [0.4136098975691135], "std": [0.01]}, "noise": 0.01}}