{"x0": {"range": [0, 1], "params": {"mean": [0.9433495797305618], "std": [0.2]}, "noise": 0.01}, "x1": {"range": [0, 1], "params": {"mean": [0.005894607225493453], "std": [0.2]}, "noise": 0.01}}