{"x0": {"range": [0, 1], "params": {"mean": [0.863069989870643], "std": [0.2]}, "noise": 0.01}, "x1": {"range": [0, 1], "params": {"mean": [0.17063860107199513], "std": [0.2]}, "noise": 0.01}}