{"x0": {"range": [0, 1], "params": {"mean": [0.6966728798604399], "std": [0.2]}, "noise": 0.01}, "x1": {"range": [0, 1], "params": {"mean": [0.1505520658532939], "std": [0.2]}, "noise": 0.01}}