{"x0": {"range": [0, 1], "params": {"mean": [0.5753974500910295], "std": [0.2]}, "noise": 0.01}, "x1": {"range": [0, 1], "params": {"mean": [0.08959760015075402], "std": [0.2]}, "noise": 0.01}}