{"x0": {"range": [0, 1], "params": {"mean": [0.9419636668782], "std": [0.2]}, "noise": 0.01}, "x1": {"range": [0, 1], "params": {"mean": [0.14889807341456868], "std": [0.2]}, "noise": 0.01}}