{"x0": {"range": [0, 1], "params": {"mean": [0.5873445091307904], "std": [0.2]}, "noise": 0.01}, "x1": {"range": [0, 1], "params": {"mean": [0.15130757566301128], "std": [0.2]}, "noise": 0.01}}