{"x0": {"range": [0, 1], "params": {"mean": [0.9928757769085078], "std": [0.2]}, "noise": 0.01}, "x1": {"range": [0, 1], "params": {"mean": [0.07356953985141879], "std": [0.2]}, "noise": 0.01}}