{"x0": {"range": [0, 1], "params": {"mean": [0.8936491766222553], "std": [0.2]}, "noise": 0.01}, "x1": {"range": [0, 1], "params": {"mean": [0.04703691887146134], "std": [0.2]}, "noise": 0.01}}