{"x0": {"range": [0, 1], "params": {"mean": [0.9775461597255871], "std": [0.2]}, "noise": 0.01}, "x1": {"range": [0, 1], "params": {"mean": [0.04268612748128699], "std": [0.2]}, "noise": 0.01}}