{"x0": {"range": [0, 1], "params": {"mean": [0.7420357947237507], "std": [0.2]}, "noise": 0.01}, "x1": {"range": [0, 1], "params": {"mean": [0.06867831693614371], "std": [0.2]}, "noise": 0.01}}