{"x0": {"range": [0, 1], "params": {"mean": [0.9803273302856192], "std": [0.2]}, "noise": 0.01}, "x1": {"range": [0, 1], "params": {"mean": [0.09746707826157047], "std": [0.2]}, "noise": 0.01}}