{"x0": {"range": [0, 1], "params": {"mean": [0.9076962744734929], "std": [0.2]}, "noise": 0.01}, "x1": {"range": [0, 1], "params": {"mean": [0.20092389177726894], "std": [0.2]}, "noise": 0.01}}