{"x0": {"range": [0, 1], "params": {"mean": [0.9438542703479501], "std": [0.2]}, "noise": 0.01}, "x1": {"range": [0, 1], "params": {"mean": [0.17535103180899853], "std": [0.2]}, "noise": 0.01}}