{"x0": {"range": [0, 1], "params": {"mean": [0.8388423515093768], "std": [0.2]}, "noise": 0.01}, "x1": {"range": [0, 1], "params": {"mean": [0.5341275381525847], "std": [0.2]}, "noise": 0.01}}