{"x0": {"range": [0, 1], "params": {"mean": [0.6671411626360294], "std": [0.2]}, "noise": 0.01}, "x1": {"range": [0, 1], "params": {"mean": [0.21055437699559637], "std": [0.2]}, "noise": 0.01}}