{"x0": {"range": [0, 1], "params": {"mean": [0.896491709150115], "std": [0.2]}, "noise": 0.01}, "x1": {"range": [0, 1], "params": {"mean": [0.00542997338760734], "std": [0.2]}, "noise": 0.01}}