{"x0": {"range": [0, 1], "params": {"mean": [0.7706929325565757], "std": [0.2]}, "noise": 0.01}, "x1": {"range": [0, 1], "params": {"mean": [0.11941268691010423], "std": [0.2]}, "noise": 0.01}}