{"x0": {"range": [0, 1], "params": {"mean": [0.6777429204081108], "std": [0.2]}, "noise": 0.01}, "x1": {"range": [0, 1], "params": {"mean": [0.02200648372708373], "std": [0.2]}, "noise": 0.01}}