{"x0": {"range": [0, 1], "params": {"mean": [0.9143728250341723], "std": [0.2]}, "noise": 0.01}, "x1": {"range": [0, 1], "params": {"mean": [0.19379401378521172], "std": [0.2]}, "noise": 0.01}}