{"x0": {"range": [0, 1], "params": {"mean": [0.447098483671872], "std": [0.2]}, "noise": 0.01}, "x1": {"range": [0, 1], "params": {"mean": [0.048084156528329175], "std": [0.2]}, "noise": 0.01}}