{"x0": {"range": [-5, 10], "params": {"mean": [5.131229549103746], "std": [0.15]}, "noise": 0.15}, "x1": {"range": [0, 15], "params": {"mean": [2.2985128583473737], "std": [0.15]}, "noise": 0.15}}