{"x0": {"range": [-5, 10], "params": {"mean": [2.337384268964683], "std": [0.15]}, "noise": 0.15}, "x1": {"range": [0, 15], "params": {"mean": [5.475329196831792], "std": [0.15]}, "noise": 0.15}}