{"x0": {"range": [-5, 10], "params": {"mean": [5.93122645961475], "std": [0.15]}, "noise": 0.15}, "x1": {"range": [0, 15], "params": {"mean": [3.96940051342717], "std": [0.15]}, "noise": 0.15}}