{"x0": {"range": [-5, 10], "params": {"mean": [3.213012502223075], "std": [0.15]}, "noise": 0.15}, "x1": {"range": [0, 15], "params": {"mean": [2.140660811857701], "std": [0.15]}, "noise": 0.15}}