{"x0": {"range": [-5, 10], "params": {"mean": [2.9741332055026812], "std": [0.15]}, "noise": 0.15}, "x1": {"range": [0, 15], "params": {"mean": [1.6529423228123878], "std": [0.15]}, "noise": 0.15}}