{"x0": {"range": [-5, 10], "params": {"mean": [6.1868931107104945], "std": [0.15]}, "noise": 0.15}, "x1": {"range": [0, 15], "params": {"mean": [3.010047310127807], "std": [0.15]}, "noise": 0.15}}