{"x0": {"range": [-5, 10], "params": {"mean": [-1.3778196518232448], "std": [0.15]}, "noise": 0.15}, "x1": {"range": [0, 15], "params": {"mean": [1.0597149075414753], "std": [0.15]}, "noise": 0.15}}