{"x0": {"range": [-5, 10], "params": {"mean": [3.054781339166242], "std": [0.15]}, "noise": 0.15}, "x1": {"range": [0, 15], "params": {"mean": [1.5344218577026014], "std": [0.15]}, "noise": 0.15}}