{"x0": {"range": [-5, 10], "params": {"mean": [-0.24767354131625874], "std": [0.15]}, "noise": 0.15}, "x1": {"range": [0, 15], "params": {"mean": [2.17405751876925], "std": [0.15]}, "noise": 0.15}}