{"x0": {"range": [-5, 10], "params": {"mean": [2.438629898095673], "std": [0.15]}, "noise": 0.15}, "x1": {"range": [0, 15], "params": {"mean": [1.6678874681676716], "std": [0.15]}, "noise": 0.15}}