{"x0": {"range": [-5, 10], "params": {"mean": [-1.6097807484383875], "std": [0.15]}, "noise": 0.15}, "x1": {"range": [0, 15], "params": {"mean": [4.160613363908497], "std": [0.15]}, "noise": 0.15}}