{"x0": {"range": [-5, 10], "params": {"mean": [-0.8329613299420195], "std": [0.15]}, "noise": 0.15}, "x1": {"range": [0, 15], "params": {"mean": [5.691604739308049], "std": [0.15]}, "noise": 0.15}}