{"x0": {"range": [-5, 10], "params": {"mean": [2.6188744133175375], "std": [0.15]}, "noise": 0.15}, "x1": {"range": [0, 15], "params": {"mean": [2.847195841430612], "std": [0.15]}, "noise": 0.15}}