{"x0": {"range": [-5, 10], "params": {"mean": [1.0986297137685148], "std": [0.15]}, "noise": 0.15}, "x1": {"range": [0, 15], "params": {"mean": [1.8270963016961932], "std": [0.15]}, "noise": 0.15}}