{"x0": {"range": [-5, 10], "params": {"mean": [3.5280055002473505], "std": [0.15]}, "noise": 0.15}, "x1": {"range": [0, 15], "params": {"mean": [0.44785119749410507], "std": [0.15]}, "noise": 0.15}}