{"x0": {"range": [-5, 10], "params": {"mean": [2.480257899362828], "std": [0.15]}, "noise": 0.15}, "x1": {"range": [0, 15], "params": {"mean": [4.635227143847127], "std": [0.15]}, "noise": 0.15}}