{"x0": {"range": [-5, 10], "params": {"mean": [3.7403506027403277], "std": [0.15]}, "noise": 0.15}, "x1": {"range": [0, 15], "params": {"mean": [0.9581443951927535], "std": [0.15]}, "noise": 0.15}}