{"x0": {"range": [-5, 10], "params": {"mean": [7.011559879142959], "std": [0.15]}, "noise": 0.15}, "x1": {"range": [0, 15], "params": {"mean": [2.564942302408338], "std": [0.15]}, "noise": 0.15}}