{"x0": {"range": [-5, 10], "params": {"mean": [0.1627593032899619], "std": [3.75]}, "noise": 0.15}, "x1": {"range": [0, 15], "params": {"mean": [2.6307635174353763], "std": [3.75]}, "noise": 0.15}}