{"x0": {"range": [-5, 10], "params": {"mean": [6.123044979253139], "std": [3.75]}, "noise": 0.15}, "x1": {"range": [0, 15], "params": {"mean": [1.9419441387895096], "std": [3.75]}, "noise": 0.15}}