{"x0": {"range": [-5, 10], "params": {"mean": [1.9064349024342464], "std": [3.75]}, "noise": 0.15}, "x1": {"range": [0, 15], "params": {"mean": [5.008933409020296], "std": [3.75]}, "noise": 0.15}}