{"x0": {"range": [0, 1], "params": {"mean": [0.9566432420357962], "std": [0.02]}, "noise": 0.01}, "x1": {"range": [0, 1], "params": {"mean": [0.04706675001131702], "std": [0.02]}, "noise": 0.01}, "x2": {"range": [0, 1], "params": {"mean": [0.7650384202711368], "std": [0.02]}, "noise": 0.01}, "x3": {"range": [0, 1], "params": {"mean": [0.657006851866844], "std": [0.02]}, "noise": 0.01}, "x4": {"range": [0, 1], "params": {"mean": [9.328219128679975e-05], "std": [0.02]}, "noise": 0.01}, "x5": {"range": [0, 1], "params": {"mean": [0.8849371265251377], "std": [0.02]}, "noise": 0.01}}