{"x0": {"range": [0, 1], "params": {"mean": [0.8713108052164262], "std": [0.1]}, "noise": 0.01}, "x1": {"range": [0, 1], "params": {"mean": [0.0421154615219245], "std": [0.1]}, "noise": 0.01}}