{"x0": {"range": [0, 1], "params": {"mean": [0.9020791066651009], "std": [0.1]}, "noise": 0.01}, "x1": {"range": [0, 1], "params": {"mean": [0.0344977002869584], "std": [0.1]}, "noise": 0.01}}