{"x0": {"range": [0, 1], "params": {"mean": [0.9152249313622438], "std": [0.1]}, "noise": 0.01}, "x1": {"range": [0, 1], "params": {"mean": [0.03482106143750818], "std": [0.1]}, "noise": 0.01}}