{"x0": {"range": [0, 1], "params": {"mean": [0.8836536892810148], "std": [0.1]}, "noise": 0.01}, "x1": {"range": [0, 1], "params": {"mean": [0.04489082913535949], "std": [0.1]}, "noise": 0.01}}