{"x0": {"range": [0, 1], "params": {"mean": [0.8983248752962343], "std": [0.1]}, "noise": 0.01}, "x1": {"range": [0, 1], "params": {"mean": [0.0265591728540968], "std": [0.1]}, "noise": 0.01}}