{"x0": {"range": [0, 1], "params": {"mean": [0.8790805731639592], "std": [0.1]}, "noise": 0.01}, "x1": {"range": [0, 1], "params": {"mean": [0.05576388858499391], "std": [0.1]}, "noise": 0.01}}