{"x0": {"range": [0, 1], "params": {"mean": [0.911924995222002], "std": [0.1]}, "noise": 0.01}, "x1": {"range": [0, 1], "params": {"mean": [0.0315447886461899], "std": [0.1]}, "noise": 0.01}}