{"x0": {"range": [0, 1], "params": {"mean": [0.8576296847115711], "std": [0.1]}, "noise": 0.01}, "x1": {"range": [0, 1], "params": {"mean": [0.04258748151581755], "std": [0.1]}, "noise": 0.01}}