{"x0": {"range": [0, 1], "params": {"mean": [0.9086813992006842], "std": [0.1]}, "noise": 0.01}, "x1": {"range": [0, 1], "params": {"mean": [0.021510956533591395], "std": [0.1]}, "noise": 0.01}}