{"x0": {"range": [0, 1], "params": {"mean": [0.8986603253759392], "std": [0.1]}, "noise": 0.01}, "x1": {"range": [0, 1], "params": {"mean": [0.02771411821236248], "std": [0.1]}, "noise": 0.01}}