{"x0": {"range": [0, 1], "params": {"mean": [0.9138570513329882], "std": [0.1]}, "noise": 0.01}, "x1": {"range": [0, 1], "params": {"mean": [0.00843349510534648], "std": [0.1]}, "noise": 0.01}}