{"x0": {"range": [0, 1], "params": {"mean": [0.918566780991635], "std": [0.1]}, "noise": 0.01}, "x1": {"range": [0, 1], "params": {"mean": [0.03768317421482578], "std": [0.1]}, "noise": 0.01}}