{"x0": {"range": [0, 1], "params": {"mean": [0.8902527873782385], "std": [0.1]}, "noise": 0.01}, "x1": {"range": [0, 1], "params": {"mean": [0.0351357256261409], "std": [0.1]}, "noise": 0.01}}