{"x0": {"range": [0, 1], "params": {"mean": [0.8857801684004424], "std": [0.1]}, "noise": 0.01}, "x1": {"range": [0, 1], "params": {"mean": [0.037595074043420565], "std": [0.1]}, "noise": 0.01}}