{"x0": {"range": [0, 1], "params": {"mean": [0.8733302401265005], "std": [0.1]}, "noise": 0.01}, "x1": {"range": [0, 1], "params": {"mean": [0.00026399532259113734], "std": [0.1]}, "noise": 0.01}}