{"x0": {"range": [0, 1], "params": {"mean": [0.880281812468839], "std": [0.1]}, "noise": 0.01}, "x1": {"range": [0, 1], "params": {"mean": [0.025888420677880785], "std": [0.1]}, "noise": 0.01}}