{"x0": {"range": [0, 1], "params": {"mean": [0.8733975480934512], "std": [0.1]}, "noise": 0.01}, "x1": {"range": [0, 1], "params": {"mean": [0.01950240710540928], "std": [0.1]}, "noise": 0.01}}