{"x0": {"range": [0, 1], "params": {"mean": [0.8694150964286975], "std": [0.1]}, "noise": 0.01}, "x1": {"range": [0, 1], "params": {"mean": [0.012971203863137187], "std": [0.1]}, "noise": 0.01}}