{"x0": {"range": [0, 1], "params": {"mean": [0.9206257287602502], "std": [0.1]}, "noise": 0.01}, "x1": {"range": [0, 1], "params": {"mean": [0.025697906603436776], "std": [0.1]}, "noise": 0.01}}