{"x0": {"range": [0, 1], "params": {"mean": [0.017734896224300238], "std": [0.25]}, "noise": 0.1}, "x1": {"range": [0, 1], "params": {"mean": [0.9915138232103776], "std": [0.25]}, "noise": 0.1}, "x2": {"range": [0, 1], "params": {"mean": [0.6143130975210941], "std": [0.25]}, "noise": 0.1}, "x3": {"range": [0, 1], "params": {"mean": [0.37806560901408287], "std": [0.25]}, "noise": 0.1}, "x4": {"range": [0, 1], "params": {"mean": [0.9896441617700847], "std": [0.25]}, "noise": 0.1}, "x5": {"range": [0, 1], "params": {"mean": [0.0026035403710417274], "std": [0.25]}, "noise": 0.1}, "x6": {"range": [0, 1], "params": {"mean": [0.012851396461107154], "std": [0.25]}, "noise": 0.1}, "x7": {"range": [0, 1], "params": {"mean": [0.44851202570691795], "std": [0.25]}, "noise": 0.1}}