{"x0": {"range": [0, 1], "params": {"mean": [0.02563531097229304], "std": [0.25]}, "noise": 0.1}, "x1": {"range": [0, 1], "params": {"mean": [0.9978842172648567], "std": [0.25]}, "noise": 0.1}, "x2": {"range": [0, 1], "params": {"mean": [0.6656580005985306], "std": [0.25]}, "noise": 0.1}, "x3": {"range": [0, 1], "params": {"mean": [0.39423978084370964], "std": [0.25]}, "noise": 0.1}, "x4": {"range": [0, 1], "params": {"mean": [0.9978006282229497], "std": [0.25]}, "noise": 0.1}, "x5": {"range": [0, 1], "params": {"mean": [0.004864390149697184], "std": [0.25]}, "noise": 0.1}, "x6": {"range": [0, 1], "params": {"mean": [0.017888527403377718], "std": [0.25]}, "noise": 0.1}, "x7": {"range": [0, 1], "params": {"mean": [0.44435968598982317], "std": [0.25]}, "noise": 0.1}}