{"x0": {"range": [0, 1], "params": {"mean": [0.9741891122414195], "std": [0.2]}, "noise": 0.01}, "x1": {"range": [0, 1], "params": {"mean": [0.004721721193784886], "std": [0.2]}, "noise": 0.01}}