{"x0": {"range": [0, 1], "params": {"mean": [0.9249137877247615], "std": [0.2]}, "noise": 0.01}, "x1": {"range": [0, 1], "params": {"mean": [0.085062277795673], "std": [0.2]}, "noise": 0.01}}