{"x0": {"range": [0, 1], "params": {"mean": [0.9288007510880403], "std": [0.2]}, "noise": 0.01}, "x1": {"range": [0, 1], "params": {"mean": [0.08444782871008405], "std": [0.2]}, "noise": 0.01}}