{"x0": {"range": [0, 1], "params": {"mean": [0.8457093326114385], "std": [0.2]}, "noise": 0.01}, "x1": {"range": [0, 1], "params": {"mean": [0.08508382433066121], "std": [0.2]}, "noise": 0.01}}