{"x0": {"range": [0, 1], "params": {"mean": [0.895030105066108], "std": [0.2]}, "noise": 0.01}, "x1": {"range": [0, 1], "params": {"mean": [0.038487860816468523], "std": [0.2]}, "noise": 0.01}}