{"x0": {"range": [0, 1], "params": {"mean": [0.8082153368272177], "std": [0.2]}, "noise": 0.01}, "x1": {"range": [0, 1], "params": {"mean": [0.09272549492526784], "std": [0.2]}, "noise": 0.01}}