{"x0": {"range": [0, 1], "params": {"mean": [0.9254765735693365], "std": [0.2]}, "noise": 0.01}, "x1": {"range": [0, 1], "params": {"mean": [0.06470579677790718], "std": [0.2]}, "noise": 0.01}}