{"x0": {"range": [0, 1], "params": {"mean": [0.8822139788164705], "std": [0.2]}, "noise": 0.01}, "x1": {"range": [0, 1], "params": {"mean": [0.05124922280866164], "std": [0.2]}, "noise": 0.01}}