{"x0": {"range": [0, 1], "params": {"mean": [0.883602390096422], "std": [0.2]}, "noise": 0.01}, "x1": {"range": [0, 1], "params": {"mean": [0.08963648607862784], "std": [0.2]}, "noise": 0.01}}