{"x0": {"range": [0, 1], "params": {"mean": [0.8281854543426306], "std": [0.2]}, "noise": 0.01}, "x1": {"range": [0, 1], "params": {"mean": [0.04788739009681517], "std": [0.2]}, "noise": 0.01}}