{"x0": {"range": [0, 1], "params": {"mean": [0.8757149263988253], "std": [0.2]}, "noise": 0.01}, "x1": {"range": [0, 1], "params": {"mean": [0.046023705714658934], "std": [0.2]}, "noise": 0.01}}