{"x0": {"range": [0, 1], "params": {"mean": [0.885368364025197], "std": [0.2]}, "noise": 0.01}, "x1": {"range": [0, 1], "params": {"mean": [0.03768631041001128], "std": [0.2]}, "noise": 0.01}}