{"x0": {"range": [0, 1], "params": {"mean": [0.8911045904726665], "std": [0.2]}, "noise": 0.01}, "x1": {"range": [0, 1], "params": {"mean": [0.015130826258616736], "std": [0.2]}, "noise": 0.01}}