{"x0": {"range": [0, 1], "params": {"mean": [0.7254011785555213], "std": [0.2]}, "noise": 0.01}, "x1": {"range": [0, 1], "params": {"mean": [0.05433387674459067], "std": [0.2]}, "noise": 0.01}}