{"x0": {"range": [0, 1], "params": {"mean": [0.9697347947436928], "std": [0.2]}, "noise": 0.01}, "x1": {"range": [0, 1], "params": {"mean": [0.028526207493778356], "std": [0.2]}, "noise": 0.01}}