{"x0": {"range": [0, 1], "params": {"mean": [0.8258068480107718], "std": [0.2]}, "noise": 0.01}, "x1": {"range": [0, 1], "params": {"mean": [0.033677150220059994], "std": [0.2]}, "noise": 0.01}}