{"x0": {"range": [0, 1], "params": {"mean": [0.9112800628597946], "std": [0.2]}, "noise": 0.01}, "x1": {"range": [0, 1], "params": {"mean": [0.0923569707306527], "std": [0.2]}, "noise": 0.01}}