{"x0": {"range": [0, 1], "params": {"mean": [0.8964339642623511], "std": [0.2]}, "noise": 0.01}, "x1": {"range": [0, 1], "params": {"mean": [0.09405412728353432], "std": [0.2]}, "noise": 0.01}}