{"x0": {"range": [0, 1], "params": {"mean": [0.8685111109759208], "std": [0.2]}, "noise": 0.01}, "x1": {"range": [0, 1], "params": {"mean": [0.04124484120195975], "std": [0.2]}, "noise": 0.01}}