{"x0": {"range": [0, 1], "params": {"mean": [0.92018527339734], "std": [0.2]}, "noise": 0.01}, "x1": {"range": [0, 1], "params": {"mean": [0.09431839875598502], "std": [0.2]}, "noise": 0.01}}