{"x0": {"range": [0, 1], "params": {"mean": [0.9903336974019088], "std": [0.02]}, "noise": 0.01}, "x1": {"range": [0, 1], "params": {"mean": [0.0275918833962541], "std": [0.02]}, "noise": 0.01}}