{"x0": {"range": [0, 1], "params": {"mean": [0.8966049110482177], "std": [0.02]}, "noise": 0.01}, "x1": {"range": [0, 1], "params": {"mean": [0.08136071554641741], "std": [0.02]}, "noise": 0.01}}