{"x0": {"range": [0, 1], "params": {"mean": [0.8482800157957587], "std": [0.02]}, "noise": 0.01}, "x1": {"range": [0, 1], "params": {"mean": [0.02196993073037872], "std": [0.02]}, "noise": 0.01}}