{"x0": {"range": [0, 1], "params": {"mean": [0.9185336017527447], "std": [0.02]}, "noise": 0.01}, "x1": {"range": [0, 1], "params": {"mean": [0.0015161691916285303], "std": [0.02]}, "noise": 0.01}}