{"x0": {"range": [0, 1], "params": {"mean": [0.9397054066402016], "std": [0.02]}, "noise": 0.01}, "x1": {"range": [0, 1], "params": {"mean": [0.0769901648783537], "std": [0.02]}, "noise": 0.01}}