{"x0": {"range": [0, 1], "params": {"mean": [0.9385044236514068], "std": [0.02]}, "noise": 0.01}, "x1": {"range": [0, 1], "params": {"mean": [0.08710317099644767], "std": [0.02]}, "noise": 0.01}}