{"x0": {"range": [0, 1], "params": {"mean": [0.8832174849171222], "std": [0.02]}, "noise": 0.01}, "x1": {"range": [0, 1], "params": {"mean": [0.027345532037900036], "std": [0.02]}, "noise": 0.01}}