{"x0": {"range": [0, 1], "params": {"mean": [0.882120416358191], "std": [0.02]}, "noise": 0.01}, "x1": {"range": [0, 1], "params": {"mean": [0.08991419115134296], "std": [0.02]}, "noise": 0.01}}