{"x0": {"range": [0, 1], "params": {"mean": [0.8542882429469131], "std": [0.02]}, "noise": 0.01}, "x1": {"range": [0, 1], "params": {"mean": [0.06170891518497936], "std": [0.02]}, "noise": 0.01}}