{"x0": {"range": [0, 1], "params": {"mean": [0.8766982590218496], "std": [0.02]}, "noise": 0.01}, "x1": {"range": [0, 1], "params": {"mean": [0.05605066870797909], "std": [0.02]}, "noise": 0.01}}