{"x0": {"range": [0, 1], "params": {"mean": [0.8530661229342059], "std": [0.02]}, "noise": 0.01}, "x1": {"range": [0, 1], "params": {"mean": [0.040495157409366656], "std": [0.02]}, "noise": 0.01}}