{"x0": {"range": [0, 1], "params": {"mean": [0.9603995935742922], "std": [0.02]}, "noise": 0.01}, "x1": {"range": [0, 1], "params": {"mean": [0.07722305855441636], "std": [0.02]}, "noise": 0.01}}