{"x0": {"range": [0, 1], "params": {"mean": [0.8616688751339293], "std": [0.02]}, "noise": 0.01}, "x1": {"range": [0, 1], "params": {"mean": [0.033366942733599185], "std": [0.02]}, "noise": 0.01}}