{"x0": {"range": [0, 1], "params": {"mean": [0.9188774161803526], "std": [0.02]}, "noise": 0.01}, "x1": {"range": [0, 1], "params": {"mean": [0.043852070534629556], "std": [0.02]}, "noise": 0.01}}