{"x0": {"range": [0, 1], "params": {"mean": [0.8515264422136767], "std": [0.02]}, "noise": 0.01}, "x1": {"range": [0, 1], "params": {"mean": [0.04555432344837675], "std": [0.02]}, "noise": 0.01}}