{"x0": {"range": [0, 1], "params": {"mean": [0.928776909138452], "std": [0.02]}, "noise": 0.01}, "x1": {"range": [0, 1], "params": {"mean": [0.00851116443506265], "std": [0.02]}, "noise": 0.01}}