{"x0": {"range": [0, 1], "params": {"mean": [0.7814621466826329], "std": [0.02]}, "noise": 0.01}, "x1": {"range": [0, 1], "params": {"mean": [0.016936594602362496], "std": [0.02]}, "noise": 0.01}}