{"x0": {"range": [0, 1], "params": {"mean": [0.9158538030261771], "std": [0.02]}, "noise": 0.01}, "x1": {"range": [0, 1], "params": {"mean": [0.1045451522596496], "std": [0.02]}, "noise": 0.01}}