{"x0": {"range": [0, 1], "params": {"mean": [0.8935191758004523], "std": [0.02]}, "noise": 0.01}, "x1": {"range": [0, 1], "params": {"mean": [0.12097412929402898], "std": [0.02]}, "noise": 0.01}}