{"x0": {"range": [0, 1], "params": {"mean": [0.9003486800570902], "std": [0.02]}, "noise": 0.01}, "x1": {"range": [0, 1], "params": {"mean": [0.046709370782240967], "std": [0.02]}, "noise": 0.01}}