{"x0": {"range": [0, 1], "params": {"mean": [0.09236311724206286], "std": [0.1]}, "noise": 0.1}, "x1": {"range": [0, 1], "params": {"mean": [0.990573939754095], "std": [0.1]}, "noise": 0.1}, "x2": {"range": [0, 1], "params": {"mean": [0.7035946239144627], "std": [0.1]}, "noise": 0.1}, "x3": {"range": [0, 1], "params": {"mean": [0.4018818263804711], "std": [0.1]}, "noise": 0.1}, "x4": {"range": [0, 1], "params": {"mean": [0.9729021630963335], "std": [0.1]}, "noise": 0.1}, "x5": {"range": [0, 1], "params": {"mean": [0.22329632733975618], "std": [0.1]}, "noise": 0.1}, "x6": {"range": [0, 1], "params": {"mean": [9.793390208357189e-05], "std": [0.1]}, "noise": 0.1}, "x7": {"range": [0, 1], "params": {"mean": [0.46472349635194676], "std": [0.1]}, "noise": 0.1}}