{"x0": {"range": [0, 1], "params": {"mean": [0.006844967501016899], "std": [0.1]}, "noise": 0.1}, "x1": {"range": [0, 1], "params": {"mean": [0.761046420822487], "std": [0.1]}, "noise": 0.1}, "x2": {"range": [0, 1], "params": {"mean": [0.46383339796897605], "std": [0.1]}, "noise": 0.1}, "x3": {"range": [0, 1], "params": {"mean": [0.29720318046102245], "std": [0.1]}, "noise": 0.1}, "x4": {"range": [0, 1], "params": {"mean": [0.991823196083517], "std": [0.1]}, "noise": 0.1}, "x5": {"range": [0, 1], "params": {"mean": [0.06989834440582197], "std": [0.1]}, "noise": 0.1}, "x6": {"range": [0, 1], "params": {"mean": [0.0408454246872721], "std": [0.1]}, "noise": 0.1}, "x7": {"range": [0, 1], "params": {"mean": [0.3763413597509383], "std": [0.1]}, "noise": 0.1}}