{"x0": {"range": [0, 1], "params": {"mean": [0.059198711791615136], "std": [0.1]}, "noise": 0.1}, "x1": {"range": [0, 1], "params": {"mean": [0.9479422706507572], "std": [0.1]}, "noise": 0.1}, "x2": {"range": [0, 1], "params": {"mean": [0.7086441743781007], "std": [0.1]}, "noise": 0.1}, "x3": {"range": [0, 1], "params": {"mean": [0.3212494970849134], "std": [0.1]}, "noise": 0.1}, "x4": {"range": [0, 1], "params": {"mean": [0.9912822851524875], "std": [0.1]}, "noise": 0.1}, "x5": {"range": [0, 1], "params": {"mean": [0.03386371395916987], "std": [0.1]}, "noise": 0.1}, "x6": {"range": [0, 1], "params": {"mean": [0.08007931436097553], "std": [0.1]}, "noise": 0.1}, "x7": {"range": [0, 1], "params": {"mean": [0.5267726018540915], "std": [0.1]}, "noise": 0.1}}