{"x0": {"range": [0, 1], "params": {"mean": [0.057123184954163735], "std": [0.1]}, "noise": 0.1}, "x1": {"range": [0, 1], "params": {"mean": [0.9920612349674469], "std": [0.1]}, "noise": 0.1}, "x2": {"range": [0, 1], "params": {"mean": [0.5575261401296936], "std": [0.1]}, "noise": 0.1}, "x3": {"range": [0, 1], "params": {"mean": [0.32898850209742825], "std": [0.1]}, "noise": 0.1}, "x4": {"range": [0, 1], "params": {"mean": [0.9876143561344789], "std": [0.1]}, "noise": 0.1}, "x5": {"range": [0, 1], "params": {"mean": [0.14414945343158211], "std": [0.1]}, "noise": 0.1}, "x6": {"range": [0, 1], "params": {"mean": [0.12904086892665975], "std": [0.1]}, "noise": 0.1}, "x7": {"range": [0, 1], "params": {"mean": [0.3038741095130067], "std": [0.1]}, "noise": 0.1}}