{"x0": {"range": [0, 1], "params": {"mean": [0.03967389451915708], "std": [0.1]}, "noise": 0.1}, "x1": {"range": [0, 1], "params": {"mean": [0.9347598263854919], "std": [0.1]}, "noise": 0.1}, "x2": {"range": [0, 1], "params": {"mean": [0.4036309216898273], "std": [0.1]}, "noise": 0.1}, "x3": {"range": [0, 1], "params": {"mean": [0.3308765666536936], "std": [0.1]}, "noise": 0.1}, "x4": {"range": [0, 1], "params": {"mean": [0.858925887461114], "std": [0.1]}, "noise": 0.1}, "x5": {"range": [0, 1], "params": {"mean": [0.04992383409084957], "std": [0.1]}, "noise": 0.1}, "x6": {"range": [0, 1], "params": {"mean": [0.02026323995262437], "std": [0.1]}, "noise": 0.1}, "x7": {"range": [0, 1], "params": {"mean": [0.3229040857273632], "std": [0.1]}, "noise": 0.1}}