{"x0": {"range": [0, 1], "params": {"mean": [0.06521848929852295], "std": [0.1]}, "noise": 0.1}, "x1": {"range": [0, 1], "params": {"mean": [0.8594706611950151], "std": [0.1]}, "noise": 0.1}, "x2": {"range": [0, 1], "params": {"mean": [0.6679369227126691], "std": [0.1]}, "noise": 0.1}, "x3": {"range": [0, 1], "params": {"mean": [0.3316119561580968], "std": [0.1]}, "noise": 0.1}, "x4": {"range": [0, 1], "params": {"mean": [0.9243349541195085], "std": [0.1]}, "noise": 0.1}, "x5": {"range": [0, 1], "params": {"mean": [0.042489012574354654], "std": [0.1]}, "noise": 0.1}, "x6": {"range": [0, 1], "params": {"mean": [0.08922192205861496], "std": [0.1]}, "noise": 0.1}, "x7": {"range": [0, 1], "params": {"mean": [0.19751639487222872], "std": [0.1]}, "noise": 0.1}}