{"x0": {"range": [0, 1], "params": {"mean": [0.37745836069849137], "std": [0.01]}, "noise": 0.0}, "x1": {"range": [0, 1], "params": {"mean": [0.9999636261160244], "std": [0.01]}, "noise": 0.0}}