{"x0": {"range": [0, 1], "params": {"mean": [0.006648943281368973], "std": [0.2]}, "noise": 0.01}, "x1": {"range": [0, 1], "params": {"mean": [0.9931366600121837], "std": [0.2]}, "noise": 0.01}, "x2": {"range": [0, 1], "params": {"mean": [0.6398651145411053], "std": [0.2]}, "noise": 0.01}, "x3": {"range": [0, 1], "params": {"mean": [0.4077324199199563], "std": [0.2]}, "noise": 0.01}, "x4": {"range": [0, 1], "params": {"mean": [0.9952161962120115], "std": [0.2]}, "noise": 0.01}, "x5": {"range": [0, 1], "params": {"mean": [0.003727704993738235], "std": [0.2]}, "noise": 0.01}, "x6": {"range": [0, 1], "params": {"mean": [0.012312089052604098], "std": [0.2]}, "noise": 0.01}, "x7": {"range": [0, 1], "params": {"mean": [0.4188942051286904], "std": [0.2]}, "noise": 0.01}}