{"x0": {"range": [0, 1], "params": {"mean": [0.010010406497766355], "std": [0.2]}, "noise": 0.01}, "x1": {"range": [0, 1], "params": {"mean": [0.991179519920339], "std": [0.2]}, "noise": 0.01}, "x2": {"range": [0, 1], "params": {"mean": [0.6329800530561012], "std": [0.2]}, "noise": 0.01}, "x3": {"range": [0, 1], "params": {"mean": [0.40156959007405824], "std": [0.2]}, "noise": 0.01}, "x4": {"range": [0, 1], "params": {"mean": [0.9993349004702747], "std": [0.2]}, "noise": 0.01}, "x5": {"range": [0, 1], "params": {"mean": [0.007771745921443091], "std": [0.2]}, "noise": 0.01}, "x6": {"range": [0, 1], "params": {"mean": [0.002757912797848207], "std": [0.2]}, "noise": 0.01}, "x7": {"range": [0, 1], "params": {"mean": [0.4204743808573877], "std": [0.2]}, "noise": 0.01}}