{"x0": {"range": [0, 1], "params": {"mean": [0.9158070611267676], "std": [0.02]}, "noise": 0.01}, "x1": {"range": [0, 1], "params": {"mean": [0.04982175869119583], "std": [0.02]}, "noise": 0.01}}