{"x0": {"range": [0, 1], "params": {"mean": [0.8775216491866903], "std": [0.02]}, "noise": 0.01}, "x1": {"range": [0, 1], "params": {"mean": [0.13457723545810762], "std": [0.02]}, "noise": 0.01}}