{"x0": {"range": [0, 1], "params": {"mean": [0.9789475109495224], "std": [0.02]}, "noise": 0.01}, "x1": {"range": [0, 1], "params": {"mean": [0.37706005826709743], "std": [0.02]}, "noise": 0.01}}