{"x0": {"range": [0, 1], "params": {"mean": [0.8746538894614552], "std": [0.02]}, "noise": 0.01}, "x1": {"range": [0, 1], "params": {"mean": [0.31175003776861104], "std": [0.02]}, "noise": 0.01}}