{"x0": {"range": [0, 1], "params": {"mean": [0.8913091359439761], "std": [0.02]}, "noise": 0.01}, "x1": {"range": [0, 1], "params": {"mean": [0.2707737216152709], "std": [0.02]}, "noise": 0.01}}