{"x0": {"range": [0, 1], "params": {"mean": [0.6033315828705179], "std": [0.02]}, "noise": 0.01}, "x1": {"range": [0, 1], "params": {"mean": [0.013950418469832731], "std": [0.02]}, "noise": 0.01}}