{"x0": {"range": [0, 1], "params": {"mean": [0.616442282596394], "std": [0.02]}, "noise": 0.01}, "x1": {"range": [0, 1], "params": {"mean": [0.18133898248046126], "std": [0.02]}, "noise": 0.01}}