{"x0": {"range": [0, 1], "params": {"mean": [0.6408620116941182], "std": [0.02]}, "noise": 0.01}, "x1": {"range": [0, 1], "params": {"mean": [0.19151081599521097], "std": [0.02]}, "noise": 0.01}}