{"x0": {"range": [0, 1], "params": {"mean": [0.729696092948635], "std": [0.02]}, "noise": 0.01}, "x1": {"range": [0, 1], "params": {"mean": [0.17193600107672452], "std": [0.02]}, "noise": 0.01}}