{"x0": {"range": [0, 1], "params": {"mean": [0.8400753906588557], "std": [0.02]}, "noise": 0.01}, "x1": {"range": [0, 1], "params": {"mean": [0.05519269038100573], "std": [0.02]}, "noise": 0.01}}