{"x0": {"range": [0, 1], "params": {"mean": [0.8170975120686294], "std": [0.02]}, "noise": 0.01}, "x1": {"range": [0, 1], "params": {"mean": [0.022412405252569014], "std": [0.02]}, "noise": 0.01}}