{"x0": {"range": [0, 1], "params": {"mean": [0.6635813693859217], "std": [0.02]}, "noise": 0.01}, "x1": {"range": [0, 1], "params": {"mean": [0.34776007525762287], "std": [0.02]}, "noise": 0.01}}