{"x0": {"range": [0, 1], "params": {"mean": [0.6927974803431021], "std": [0.02]}, "noise": 0.01}, "x1": {"range": [0, 1], "params": {"mean": [0.13510362962394232], "std": [0.02]}, "noise": 0.01}}