{"x0": {"range": [0, 1], "params": {"mean": [0.954507449148905], "std": [0.02]}, "noise": 0.01}, "x1": {"range": [0, 1], "params": {"mean": [0.22587827021662693], "std": [0.02]}, "noise": 0.01}}