{"x0": {"range": [0, 1], "params": {"mean": [0.7084700950145318], "std": [0.02]}, "noise": 0.01}, "x1": {"range": [0, 1], "params": {"mean": [0.07399816285658087], "std": [0.02]}, "noise": 0.01}}