{"x0": {"range": [0, 1], "params": {"mean": [0.7182904793219838], "std": [0.02]}, "noise": 0.01}, "x1": {"range": [0, 1], "params": {"mean": [0.13381287195782043], "std": [0.02]}, "noise": 0.01}}