{"x0": {"range": [0, 1], "params": {"mean": [0.9689547921687398], "std": [0.02]}, "noise": 0.01}, "x1": {"range": [0, 1], "params": {"mean": [0.18364387421313255], "std": [0.02]}, "noise": 0.01}}