{"x0": {"range": [0, 1], "params": {"mean": [0.6768449332926729], "std": [0.02]}, "noise": 0.01}, "x1": {"range": [0, 1], "params": {"mean": [0.05210908167960253], "std": [0.02]}, "noise": 0.01}}