{"x0": {"range": [0, 1], "params": {"mean": [0.8859251476102399], "std": [0.02]}, "noise": 0.01}, "x1": {"range": [0, 1], "params": {"mean": [0.1253378806122746], "std": [0.02]}, "noise": 0.01}}