{"x0": {"range": [0, 1], "params": {"mean": [0.5550412830827521], "std": [0.02]}, "noise": 0.01}, "x1": {"range": [0, 1], "params": {"mean": [0.07104899259701104], "std": [0.02]}, "noise": 0.01}}