{"x0": {"range": [0, 1], "params": {"mean": [0.0023546126392158554], "std": [0.02]}, "noise": 0.01}, "x1": {"range": [0, 1], "params": {"mean": [0.9990650279096042], "std": [0.02]}, "noise": 0.01}, "x2": {"range": [0, 1], "params": {"mean": [0.6442462423081959], "std": [0.02]}, "noise": 0.01}, "x3": {"range": [0, 1], "params": {"mean": [0.3958992430428492], "std": [0.02]}, "noise": 0.01}, "x4": {"range": [0, 1], "params": {"mean": [0.9871261179360983], "std": [0.02]}, "noise": 0.01}, "x5": {"range": [0, 1], "params": {"mean": [0.025464490022887417], "std": [0.02]}, "noise": 0.01}, "x6": {"range": [0, 1], "params": {"mean": [0.020127229693363054], "std": [0.02]}, "noise": 0.01}, "x7": {"range": [0, 1], "params": {"mean": [0.435591078019741], "std": [0.02]}, "noise": 0.01}}