{"x0": {"range": [0, 1], "params": {"mean": [0.03966279057804398], "std": [0.05]}, "noise": 0.01}, "x1": {"range": [0, 1], "params": {"mean": [0.9918518625045023], "std": [0.05]}, "noise": 0.01}, "x2": {"range": [0, 1], "params": {"mean": [0.6660755879202723], "std": [0.05]}, "noise": 0.01}, "x3": {"range": [0, 1], "params": {"mean": [0.3542024399140978], "std": [0.05]}, "noise": 0.01}, "x4": {"range": [0, 1], "params": {"mean": [0.9721639639960784], "std": [0.05]}, "noise": 0.01}, "x5": {"range": [0, 1], "params": {"mean": [0.04575302921779164], "std": [0.05]}, "noise": 0.01}, "x6": {"range": [0, 1], "params": {"mean": [0.03075697939256386], "std": [0.05]}, "noise": 0.01}, "x7": {"range": [0, 1], "params": {"mean": [0.4224512016137471], "std": [0.05]}, "noise": 0.01}}