{"x0": {"range": [0, 1], "params": {"mean": [0.005896370338063715], "std": [0.05]}, "noise": 0.01}, "x1": {"range": [0, 1], "params": {"mean": [0.9138284771125187], "std": [0.05]}, "noise": 0.01}, "x2": {"range": [0, 1], "params": {"mean": [0.6234255441242915], "std": [0.05]}, "noise": 0.01}, "x3": {"range": [0, 1], "params": {"mean": [0.4834129673311472], "std": [0.05]}, "noise": 0.01}, "x4": {"range": [0, 1], "params": {"mean": [0.9569004074935764], "std": [0.05]}, "noise": 0.01}, "x5": {"range": [0, 1], "params": {"mean": [0.05256429529572191], "std": [0.05]}, "noise": 0.01}, "x6": {"range": [0, 1], "params": {"mean": [0.1622435583199094], "std": [0.05]}, "noise": 0.01}, "x7": {"range": [0, 1], "params": {"mean": [0.4398789270415284], "std": [0.05]}, "noise": 0.01}}