{"x0": {"range": [0, 1], "params": {"mean": [0.09440929943462445], "std": [0.01]}, "noise": 0.01}, "x1": {"range": [0, 1], "params": {"mean": [0.9776561902665837], "std": [0.01]}, "noise": 0.01}, "x2": {"range": [0, 1], "params": {"mean": [0.5426253043579917], "std": [0.01]}, "noise": 0.01}, "x3": {"range": [0, 1], "params": {"mean": [0.44571612152648554], "std": [0.01]}, "noise": 0.01}, "x4": {"range": [0, 1], "params": {"mean": [0.8862953630359609], "std": [0.01]}, "noise": 0.01}, "x5": {"range": [0, 1], "params": {"mean": [0.06455777165189402], "std": [0.01]}, "noise": 0.01}, "x6": {"range": [0, 1], "params": {"mean": [0.08291312543301309], "std": [0.01]}, "noise": 0.01}, "x7": {"range": [0, 1], "params": {"mean": [0.16346576268727248], "std": [0.01]}, "noise": 0.01}}