{"x0": {"range": [0, 1], "params": {"mean": [0.8496100451366072], "std": [0.05]}, "noise": 0.01}, "x1": {"range": [0, 1], "params": {"mean": [0.028513158961420506], "std": [0.05]}, "noise": 0.01}}