{"x0": {"range": [0, 1], "params": {"mean": [0.9163115582185428], "std": [0.05]}, "noise": 0.01}, "x1": {"range": [0, 1], "params": {"mean": [0.03315214212200952], "std": [0.05]}, "noise": 0.01}}