{"x0": {"range": [0, 1], "params": {"mean": [0.9324022777675668], "std": [0.05]}, "noise": 0.01}, "x1": {"range": [0, 1], "params": {"mean": [0.036230044516779254], "std": [0.05]}, "noise": 0.01}}