{"x0": {"range": [0, 1], "params": {"mean": [0.8228124421158014], "std": [0.05]}, "noise": 0.01}, "x1": {"range": [0, 1], "params": {"mean": [0.06833294415417283], "std": [0.05]}, "noise": 0.01}}