{"x0": {"range": [0, 1], "params": {"mean": [0.7889954080473447], "std": [0.05]}, "noise": 0.01}, "x1": {"range": [0, 1], "params": {"mean": [0.05887941727938632], "std": [0.05]}, "noise": 0.01}}