{"x0": {"range": [0, 1], "params": {"mean": [0.8225238103279331], "std": [0.05]}, "noise": 0.01}, "x1": {"range": [0, 1], "params": {"mean": [0.042847943891828034], "std": [0.05]}, "noise": 0.01}}