{"x0": {"range": [0, 1], "params": {"mean": [0.9009932747419179], "std": [0.05]}, "noise": 0.01}, "x1": {"range": [0, 1], "params": {"mean": [0.04259129639560599], "std": [0.05]}, "noise": 0.01}}