{"x0": {"range": [0, 1], "params": {"mean": [0.9230638928524745], "std": [0.05]}, "noise": 0.01}, "x1": {"range": [0, 1], "params": {"mean": [0.14339881522837433], "std": [0.05]}, "noise": 0.01}}