{"x0": {"range": [0, 1], "params": {"mean": [0.8891246951540764], "std": [0.05]}, "noise": 0.01}, "x1": {"range": [0, 1], "params": {"mean": [0.02942729000988319], "std": [0.05]}, "noise": 0.01}}