{"x0": {"range": [0, 1], "params": {"mean": [0.8572225917021244], "std": [0.05]}, "noise": 0.01}, "x1": {"range": [0, 1], "params": {"mean": [0.01613583414056283], "std": [0.05]}, "noise": 0.01}}