{"x0": {"range": [0, 1], "params": {"mean": [0.8785125108778287], "std": [0.05]}, "noise": 0.01}, "x1": {"range": [0, 1], "params": {"mean": [0.06394994101712113], "std": [0.05]}, "noise": 0.01}}