{"x0": {"range": [0, 1], "params": {"mean": [0.7366972016671803], "std": [0.05]}, "noise": 0.01}, "x1": {"range": [0, 1], "params": {"mean": [0.016686518748689427], "std": [0.05]}, "noise": 0.01}}