{"x0": {"range": [0, 1], "params": {"mean": [0.8991557082886681], "std": [0.05]}, "noise": 0.01}, "x1": {"range": [0, 1], "params": {"mean": [0.06406999598430026], "std": [0.05]}, "noise": 0.01}}