{"x0": {"range": [0, 1], "params": {"mean": [0.8806445600605037], "std": [0.05]}, "noise": 0.01}, "x1": {"range": [0, 1], "params": {"mean": [0.1385165796303606], "std": [0.05]}, "noise": 0.01}}