{"x0": {"range": [0, 1], "params": {"mean": [0.8754161423014982], "std": [0.05]}, "noise": 0.01}, "x1": {"range": [0, 1], "params": {"mean": [0.027308991731755067], "std": [0.05]}, "noise": 0.01}}