{"x0": {"range": [0, 1], "params": {"mean": [0.8794337413683139], "std": [0.05]}, "noise": 0.01}, "x1": {"range": [0, 1], "params": {"mean": [0.05566349371240863], "std": [0.05]}, "noise": 0.01}}