{"x0": {"range": [0, 1], "params": {"mean": [0.8803251393022715], "std": [0.05]}, "noise": 0.01}, "x1": {"range": [0, 1], "params": {"mean": [0.07472457418953904], "std": [0.05]}, "noise": 0.01}}