{"x0": {"range": [0, 1], "params": {"mean": [0.9446014465094734], "std": [0.05]}, "noise": 0.01}, "x1": {"range": [0, 1], "params": {"mean": [0.026527862296806003], "std": [0.05]}, "noise": 0.01}}