{"x0": {"range": [0, 1], "params": {"mean": [0.13273600044029432], "std": [0.2]}, "noise": 0.01}, "x1": {"range": [0, 1], "params": {"mean": [0.8952106786059738], "std": [0.2]}, "noise": 0.01}, "x2": {"range": [0, 1], "params": {"mean": [0.7241553062226397], "std": [0.2]}, "noise": 0.01}, "x3": {"range": [0, 1], "params": {"mean": [0.5167137103734574], "std": [0.2]}, "noise": 0.01}, "x4": {"range": [0, 1], "params": {"mean": [0.9274353374707344], "std": [0.2]}, "noise": 0.01}, "x5": {"range": [0, 1], "params": {"mean": [0.05141074055270154], "std": [0.2]}, "noise": 0.01}, "x6": {"range": [0, 1], "params": {"mean": [0.06001609701057024], "std": [0.2]}, "noise": 0.01}, "x7": {"range": [0, 1], "params": {"mean": [0.43113836213047124], "std": [0.2]}, "noise": 0.01}}