{"x0": {"range": [0, 1], "params": {"mean": [0.03205651871184278], "std": [0.2]}, "noise": 0.01}, "x1": {"range": [0, 1], "params": {"mean": [0.9466765397541751], "std": [0.2]}, "noise": 0.01}, "x2": {"range": [0, 1], "params": {"mean": [0.5717941274637368], "std": [0.2]}, "noise": 0.01}, "x3": {"range": [0, 1], "params": {"mean": [0.47456711710644356], "std": [0.2]}, "noise": 0.01}, "x4": {"range": [0, 1], "params": {"mean": [0.760205288073512], "std": [0.2]}, "noise": 0.01}, "x5": {"range": [0, 1], "params": {"mean": [0.012477925345982131], "std": [0.2]}, "noise": 0.01}, "x6": {"range": [0, 1], "params": {"mean": [0.07390098214646672], "std": [0.2]}, "noise": 0.01}, "x7": {"range": [0, 1], "params": {"mean": [0.3481698103469606], "std": [0.2]}, "noise": 0.01}}