{"x0": {"range": [-5, 10], "params": {"mean": [3.048973004124592], "std": [0.15]}, "noise": 0.15}, "x1": {"range": [0, 15], "params": {"mean": [2.444050261594919], "std": [0.15]}, "noise": 0.15}}