{"x0": {"range": [-5, 10], "params": {"mean": [2.9889446794402375], "std": [0.15]}, "noise": 0.15}, "x1": {"range": [0, 15], "params": {"mean": [1.8634535616574923], "std": [0.15]}, "noise": 0.15}}