{"x0": {"range": [-5, 10], "params": {"mean": [2.9760092467449666], "std": [0.15]}, "noise": 0.15}, "x1": {"range": [0, 15], "params": {"mean": [2.2861339917986423], "std": [0.15]}, "noise": 0.15}}