{"x0": {"range": [-5, 10], "params": {"mean": [3.074448078175684], "std": [0.15]}, "noise": 0.15}, "x1": {"range": [0, 15], "params": {"mean": [2.3445870408662324], "std": [0.15]}, "noise": 0.15}}