{"x0": {"range": [-5, 10], "params": {"mean": [3.299900861435119], "std": [0.15]}, "noise": 0.15}, "x1": {"range": [0, 15], "params": {"mean": [2.1086903291974566], "std": [0.15]}, "noise": 0.15}}