{"x0": {"range": [-5, 10], "params": {"mean": [3.1242269778262246], "std": [0.15]}, "noise": 0.15}, "x1": {"range": [0, 15], "params": {"mean": [2.104284158566884], "std": [0.15]}, "noise": 0.15}}