{"x0": {"range": [-5, 10], "params": {"mean": [3.4527861466312477], "std": [0.15]}, "noise": 0.15}, "x1": {"range": [0, 15], "params": {"mean": [2.2985040279687503], "std": [0.15]}, "noise": 0.15}}