{"x0": {"range": [-5, 10], "params": {"mean": [3.4308718163229894], "std": [0.15]}, "noise": 0.15}, "x1": {"range": [0, 15], "params": {"mean": [2.352139734964311], "std": [0.15]}, "noise": 0.15}}