{"x0": {"range": [-5, 10], "params": {"mean": [3.513185908859443], "std": [0.15]}, "noise": 0.15}, "x1": {"range": [0, 15], "params": {"mean": [2.2922912940842073], "std": [0.15]}, "noise": 0.15}}