{"x0": {"range": [-5, 10], "params": {"mean": [3.1771143217035], "std": [0.15]}, "noise": 0.15}, "x1": {"range": [0, 15], "params": {"mean": [2.12734763388097], "std": [0.15]}, "noise": 0.15}}