{"x0": {"range": [-5, 10], "params": {"mean": [3.1508259977037385], "std": [0.15]}, "noise": 0.15}, "x1": {"range": [0, 15], "params": {"mean": [2.1571250745109243], "std": [0.15]}, "noise": 0.15}}