{"x0": {"range": [-5, 10], "params": {"mean": [2.9061201438625357], "std": [0.15]}, "noise": 0.15}, "x1": {"range": [0, 15], "params": {"mean": [2.2141985063688714], "std": [0.15]}, "noise": 0.15}}