{"x0": {"range": [-5, 10], "params": {"mean": [3.120804349032778], "std": [0.15]}, "noise": 0.15}, "x1": {"range": [0, 15], "params": {"mean": [2.1969771736433237], "std": [0.15]}, "noise": 0.15}}