{"x0": {"range": [-5, 10], "params": {"mean": [3.033923371699546], "std": [0.15]}, "noise": 0.15}, "x1": {"range": [0, 15], "params": {"mean": [2.368595049931114], "std": [0.15]}, "noise": 0.15}}