{"x0": {"range": [-5, 10], "params": {"mean": [3.1901485863949954], "std": [0.15]}, "noise": 0.15}, "x1": {"range": [0, 15], "params": {"mean": [2.3089768987358372], "std": [0.15]}, "noise": 0.15}}