{"x0": {"range": [-5, 10], "params": {"mean": [3.1392318765366842], "std": [0.15]}, "noise": 0.15}, "x1": {"range": [0, 15], "params": {"mean": [2.362593169411628], "std": [0.15]}, "noise": 0.15}}