{"x0": {"range": [-5, 10], "params": {"mean": [3.1602923170144415], "std": [0.15]}, "noise": 0.15}, "x1": {"range": [0, 15], "params": {"mean": [2.43129460858794], "std": [0.15]}, "noise": 0.15}}