{"x0": {"range": [-5, 10], "params": {"mean": [3.0401390828703265], "std": [0.15]}, "noise": 0.15}, "x1": {"range": [0, 15], "params": {"mean": [2.121232022539564], "std": [0.15]}, "noise": 0.15}}