{"x0": {"range": [-5, 10], "params": {"mean": [3.0743679474473704], "std": [0.15]}, "noise": 0.15}, "x1": {"range": [0, 15], "params": {"mean": [1.9719266870646586], "std": [0.15]}, "noise": 0.15}}