{"x0": {"range": [0, 1], "params": {"mean": [0.8814259484950959], "std": [0.25]}, "noise": 0.1}, "x1": {"range": [0, 1], "params": {"mean": [0.12781101161220443], "std": [0.25]}, "noise": 0.1}, "x2": {"range": [0, 1], "params": {"mean": [0.8550711306053989], "std": [0.25]}, "noise": 0.1}, "x3": {"range": [0, 1], "params": {"mean": [0.7248313768002447], "std": [0.25]}, "noise": 0.1}, "x4": {"range": [0, 1], "params": {"mean": [0.009419029402025575], "std": [0.25]}, "noise": 0.1}, "x5": {"range": [0, 1], "params": {"mean": [0.8005183791718806], "std": [0.25]}, "noise": 0.1}}