{"x0": {"range": [0, 1], "params": {"mean": [0.8973694037539441], "std": [0.25]}, "noise": 0.1}, "x1": {"range": [0, 1], "params": {"mean": [0.11790980701091716], "std": [0.25]}, "noise": 0.1}, "x2": {"range": [0, 1], "params": {"mean": [0.7901998152183292], "std": [0.25]}, "noise": 0.1}, "x3": {"range": [0, 1], "params": {"mean": [0.8607133086385498], "std": [0.25]}, "noise": 0.1}, "x4": {"range": [0, 1], "params": {"mean": [0.05423192740689316], "std": [0.25]}, "noise": 0.1}, "x5": {"range": [0, 1], "params": {"mean": [0.826189491035854], "std": [0.25]}, "noise": 0.1}}