{"x0": {"range": [0, 1], "params": {"mean": [0.08254924390685094], "std": [0.1]}, "noise": 0.01}, "x1": {"range": [0, 1], "params": {"mean": [0.7979246813545419], "std": [0.1]}, "noise": 0.01}, "x2": {"range": [0, 1], "params": {"mean": [0.5304110385267143], "std": [0.1]}, "noise": 0.01}, "x3": {"range": [0, 1], "params": {"mean": [0.4724078657450307], "std": [0.1]}, "noise": 0.01}, "x4": {"range": [0, 1], "params": {"mean": [0.9043219250624558], "std": [0.1]}, "noise": 0.01}, "x5": {"range": [0, 1], "params": {"mean": [6.272257750776584e-05], "std": [0.1]}, "noise": 0.01}, "x6": {"range": [0, 1], "params": {"mean": [0.04631317100081328], "std": [0.1]}, "noise": 0.01}, "x7": {"range": [0, 1], "params": {"mean": [0.2933936647837029], "std": [0.1]}, "noise": 0.01}}