{"x0": {"range": [-5, 10], "params": {"mean": [2.8876763810792396], "std": [0.3]}, "noise": 0.15}, "x1": {"range": [0, 15], "params": {"mean": [2.108564089236021], "std": [0.3]}, "noise": 0.15}}