{"x0": {"range": [-5, 10], "params": {"mean": [3.331848534837419], "std": [0.3]}, "noise": 0.15}, "x1": {"range": [0, 15], "params": {"mean": [2.021661337991294], "std": [0.3]}, "noise": 0.15}}