{"x0": {"range": [-5, 10], "params": {"mean": [3.2447173504807925], "std": [0.3]}, "noise": 0.15}, "x1": {"range": [0, 15], "params": {"mean": [2.3851511309192737], "std": [0.3]}, "noise": 0.15}}