{"x0": {"range": [-5, 10], "params": {"mean": [3.2017320304055557], "std": [0.3]}, "noise": 0.15}, "x1": {"range": [0, 15], "params": {"mean": [2.0599312118500492], "std": [0.3]}, "noise": 0.15}}