{"x0": {"range": [-5, 10], "params": {"mean": [2.9152177222645723], "std": [0.3]}, "noise": 0.15}, "x1": {"range": [0, 15], "params": {"mean": [2.1635552216016722], "std": [0.3]}, "noise": 0.15}}