{"x0": {"range": [-5, 10], "params": {"mean": [3.15446269900822], "std": [0.3]}, "noise": 0.15}, "x1": {"range": [0, 15], "params": {"mean": [2.4332102160647344], "std": [0.3]}, "noise": 0.15}}