{"x0": {"range": [-5, 10], "params": {"mean": [3.2982817607201227], "std": [0.3]}, "noise": 0.15}, "x1": {"range": [0, 15], "params": {"mean": [2.332757348444141], "std": [0.3]}, "noise": 0.15}}