{"x0": {"range": [-5, 10], "params": {"mean": [2.8270833778107143], "std": [0.3]}, "noise": 0.15}, "x1": {"range": [0, 15], "params": {"mean": [2.4140163966759762], "std": [0.3]}, "noise": 0.15}}