{"x0": {"range": [-5, 10], "params": {"mean": [3.2717377824401064], "std": [0.3]}, "noise": 0.15}, "x1": {"range": [0, 15], "params": {"mean": [2.3349362970159815], "std": [0.3]}, "noise": 0.15}}