{"x0": {"range": [-5, 10], "params": {"mean": [3.2094431444378437], "std": [0.3]}, "noise": 0.15}, "x1": {"range": [0, 15], "params": {"mean": [2.1922186534557158], "std": [0.3]}, "noise": 0.15}}