{"x0": {"range": [-5, 10], "params": {"mean": [3.0324505114433777], "std": [0.3]}, "noise": 0.15}, "x1": {"range": [0, 15], "params": {"mean": [2.351995421019622], "std": [0.3]}, "noise": 0.15}}