{"x0": {"range": [-5, 10], "params": {"mean": [3.2195014870741305], "std": [0.3]}, "noise": 0.15}, "x1": {"range": [0, 15], "params": {"mean": [2.1385388629631716], "std": [0.3]}, "noise": 0.15}}