{"x0": {"range": [-5, 10], "params": {"mean": [3.2511428246263505], "std": [0.3]}, "noise": 0.15}, "x1": {"range": [0, 15], "params": {"mean": [2.5026035061171523], "std": [0.3]}, "noise": 0.15}}