{"x0": {"range": [-5, 10], "params": {"mean": [3.3466753808373344], "std": [0.3]}, "noise": 0.15}, "x1": {"range": [0, 15], "params": {"mean": [1.9881991584954715], "std": [0.3]}, "noise": 0.15}}