{"x0": {"range": [-5, 10], "params": {"mean": [3.1891719743636515], "std": [0.3]}, "noise": 0.15}, "x1": {"range": [0, 15], "params": {"mean": [2.1987092806881825], "std": [0.3]}, "noise": 0.15}}