{"x0": {"range": [-5, 10], "params": {"mean": [3.1832843115401164], "std": [0.3]}, "noise": 0.15}, "x1": {"range": [0, 15], "params": {"mean": [2.1660819470536343], "std": [0.3]}, "noise": 0.15}}