{"x0": {"range": [-5, 10], "params": {"mean": [3.1065809847538324], "std": [0.3]}, "noise": 0.15}, "x1": {"range": [0, 15], "params": {"mean": [2.4105450062848433], "std": [0.3]}, "noise": 0.15}}