{"x0": {"range": [0, 1], "params": {"mean": [0.7309068336665241], "std": [0.05]}, "noise": 0.01}, "x1": {"range": [0, 1], "params": {"mean": [0.12047301192682237], "std": [0.05]}, "noise": 0.01}}