{"x0": {"range": [0, 1], "params": {"mean": [0.8478222191687715], "std": [0.05]}, "noise": 0.01}, "x1": {"range": [0, 1], "params": {"mean": [0.03550015255852601], "std": [0.05]}, "noise": 0.01}}