{"x0": {"range": [0, 1], "params": {"mean": [0.9966697022544184], "std": [0.05]}, "noise": 0.01}, "x1": {"range": [0, 1], "params": {"mean": [0.20916355930003644], "std": [0.05]}, "noise": 0.01}}