{"x0": {"range": [0, 1], "params": {"mean": [0.8298400268403492], "std": [0.05]}, "noise": 0.01}, "x1": {"range": [0, 1], "params": {"mean": [0.17518087678072797], "std": [0.05]}, "noise": 0.01}}