{"x0": {"range": [0, 1], "params": {"mean": [0.9696957810279463], "std": [0.05]}, "noise": 0.01}, "x1": {"range": [0, 1], "params": {"mean": [0.043651662293627796], "std": [0.05]}, "noise": 0.01}}