{"x0": {"range": [0, 1], "params": {"mean": [0.926682425388109], "std": [0.05]}, "noise": 0.01}, "x1": {"range": [0, 1], "params": {"mean": [0.042467795784019], "std": [0.05]}, "noise": 0.01}}