{"x0": {"range": [0, 1], "params": {"mean": [0.8822664043492878], "std": [0.05]}, "noise": 0.01}, "x1": {"range": [0, 1], "params": {"mean": [0.13205101155954418], "std": [0.05]}, "noise": 0.01}}