{"x0": {"range": [0, 1], "params": {"mean": [0.8898382133580779], "std": [0.05]}, "noise": 0.01}, "x1": {"range": [0, 1], "params": {"mean": [0.06661629480160483], "std": [0.05]}, "noise": 0.01}}