{"x0": {"range": [0, 1], "params": {"mean": [0.8811214526024852], "std": [0.05]}, "noise": 0.01}, "x1": {"range": [0, 1], "params": {"mean": [0.07632132760262259], "std": [0.05]}, "noise": 0.01}}