{"x0": {"range": [0, 1], "params": {"mean": [0.958976222151152], "std": [0.05]}, "noise": 0.01}, "x1": {"range": [0, 1], "params": {"mean": [0.026902860322515716], "std": [0.05]}, "noise": 0.01}}