{"x0": {"range": [0, 1], "params": {"mean": [0.9476288957011758], "std": [0.05]}, "noise": 0.01}, "x1": {"range": [0, 1], "params": {"mean": [0.0887358072253779], "std": [0.05]}, "noise": 0.01}}