{"x0": {"range": [0, 1], "params": {"mean": [0.9758444908164583], "std": [0.05]}, "noise": 0.01}, "x1": {"range": [0, 1], "params": {"mean": [0.018685915874240053], "std": [0.05]}, "noise": 0.01}}