{"x0": {"range": [0, 1], "params": {"mean": [0.7646913409512311], "std": [0.05]}, "noise": 0.01}, "x1": {"range": [0, 1], "params": {"mean": [0.002096157523035342], "std": [0.05]}, "noise": 0.01}}