{"x0": {"range": [0, 1], "params": {"mean": [0.8749587793832996], "std": [0.05]}, "noise": 0.01}, "x1": {"range": [0, 1], "params": {"mean": [0.04115085621786213], "std": [0.05]}, "noise": 0.01}}