{"x0": {"range": [0, 1], "params": {"mean": [0.7607706469558845], "std": [0.05]}, "noise": 0.01}, "x1": {"range": [0, 1], "params": {"mean": [0.05458507098762501], "std": [0.05]}, "noise": 0.01}}