{"x0": {"range": [0, 1], "params": {"mean": [0.8071151596214678], "std": [0.05]}, "noise": 0.01}, "x1": {"range": [0, 1], "params": {"mean": [0.18255242921481768], "std": [0.05]}, "noise": 0.01}}