{"x0": {"range": [0, 1], "params": {"mean": [0.8052139339686795], "std": [0.05]}, "noise": 0.01}, "x1": {"range": [0, 1], "params": {"mean": [0.20684523298499735], "std": [0.05]}, "noise": 0.01}}