{"x0": {"range": [0, 1], "params": {"mean": [0.8146461235935768], "std": [0.05]}, "noise": 0.01}, "x1": {"range": [0, 1], "params": {"mean": [0.09467038404225188], "std": [0.05]}, "noise": 0.01}}