{"x0": {"range": [0, 1], "params": {"mean": [0.737006250002508], "std": [0.05]}, "noise": 0.01}, "x1": {"range": [0, 1], "params": {"mean": [0.0017612868380797175], "std": [0.05]}, "noise": 0.01}}