{"x0": {"range": [0, 1], "params": {"mean": [0.9401826428508607], "std": [0.05]}, "noise": 0.01}, "x1": {"range": [0, 1], "params": {"mean": [0.19027007750458824], "std": [0.05]}, "noise": 0.01}}