{"x0": {"range": [0, 1], "params": {"mean": [0.8599402469794253], "std": [0.01]}, "noise": 0.01}, "x1": {"range": [0, 1], "params": {"mean": [0.07517612093855039], "std": [0.01]}, "noise": 0.01}}