{"x0": {"range": [0, 1], "params": {"mean": [0.8721307827308229], "std": [0.01]}, "noise": 0.01}, "x1": {"range": [0, 1], "params": {"mean": [0.18590195523539188], "std": [0.01]}, "noise": 0.01}}