{"x0": {"range": [0, 1], "params": {"mean": [0.925874993591939], "std": [0.01]}, "noise": 0.01}, "x1": {"range": [0, 1], "params": {"mean": [0.21562776447359755], "std": [0.01]}, "noise": 0.01}}