{"x0": {"range": [0, 1], "params": {"mean": [0.6878194642106799], "std": [0.01]}, "noise": 0.01}, "x1": {"range": [0, 1], "params": {"mean": [0.1785172462379211], "std": [0.01]}, "noise": 0.01}}