{"x0": {"range": [0, 1], "params": {"mean": [0.9025122267921664], "std": [0.01]}, "noise": 0.01}, "x1": {"range": [0, 1], "params": {"mean": [0.01662896693441035], "std": [0.01]}, "noise": 0.01}}