{"x0": {"range": [0, 1], "params": {"mean": [0.5469820310877982], "std": [0.01]}, "noise": 0.01}, "x1": {"range": [0, 1], "params": {"mean": [0.06716306237634842], "std": [0.01]}, "noise": 0.01}}