{"x0": {"range": [0, 1], "params": {"mean": [0.8905226379543266], "std": [0.01]}, "noise": 0.01}, "x1": {"range": [0, 1], "params": {"mean": [0.1130684141447263], "std": [0.01]}, "noise": 0.01}}