{"x0": {"range": [0, 1], "params": {"mean": [0.9000839267853898], "std": [0.01]}, "noise": 0.01}, "x1": {"range": [0, 1], "params": {"mean": [0.06502152625522728], "std": [0.01]}, "noise": 0.01}}