{"x0": {"range": [0, 1], "params": {"mean": [0.8944930294913824], "std": [0.01]}, "noise": 0.01}, "x1": {"range": [0, 1], "params": {"mean": [0.061017439318340076], "std": [0.01]}, "noise": 0.01}}