{"x0": {"range": [0, 1], "params": {"mean": [0.7782499465111116], "std": [0.01]}, "noise": 0.01}, "x1": {"range": [0, 1], "params": {"mean": [0.05225147499543309], "std": [0.01]}, "noise": 0.01}}