{"x0": {"range": [0, 1], "params": {"mean": [0.8624171609106547], "std": [0.01]}, "noise": 0.01}, "x1": {"range": [0, 1], "params": {"mean": [0.07032893499445594], "std": [0.01]}, "noise": 0.01}}