{"x0": {"range": [0, 1], "params": {"mean": [0.85886216604031], "std": [0.01]}, "noise": 0.01}, "x1": {"range": [0, 1], "params": {"mean": [0.12039743291022341], "std": [0.01]}, "noise": 0.01}}