{"x0": {"range": [0, 1], "params": {"mean": [0.9427230452795662], "std": [0.01]}, "noise": 0.01}, "x1": {"range": [0, 1], "params": {"mean": [0.061483661947391854], "std": [0.01]}, "noise": 0.01}}