{"x0": {"range": [0, 1], "params": {"mean": [0.8816164386083964], "std": [0.01]}, "noise": 0.01}, "x1": {"range": [0, 1], "params": {"mean": [0.17575056212045148], "std": [0.01]}, "noise": 0.01}}