{"x0": {"range": [0, 1], "params": {"mean": [0.9754513924074356], "std": [0.01]}, "noise": 0.01}, "x1": {"range": [0, 1], "params": {"mean": [0.07391763836738198], "std": [0.01]}, "noise": 0.01}}