{"x0": {"range": [0, 1], "params": {"mean": [0.8787981492440736], "std": [0.01]}, "noise": 0.01}, "x1": {"range": [0, 1], "params": {"mean": [0.08070505751119719], "std": [0.01]}, "noise": 0.01}}