{"x0": {"range": [0, 1], "params": {"mean": [0.947082181104615], "std": [0.01]}, "noise": 0.01}, "x1": {"range": [0, 1], "params": {"mean": [0.05227344390417424], "std": [0.01]}, "noise": 0.01}}