{"x0": {"range": [0, 1], "params": {"mean": [0.662134794563723], "std": [0.01]}, "noise": 0.01}, "x1": {"range": [0, 1], "params": {"mean": [0.06893602200218005], "std": [0.01]}, "noise": 0.01}}