{"x0": {"range": [0, 1], "params": {"mean": [0.8089456173917255], "std": [0.01]}, "noise": 0.01}, "x1": {"range": [0, 1], "params": {"mean": [0.12092075329225324], "std": [0.01]}, "noise": 0.01}}