{"x0": {"range": [0, 1], "params": {"mean": [0.9628042219113573], "std": [0.01]}, "noise": 0.01}, "x1": {"range": [0, 1], "params": {"mean": [0.04122226807635843], "std": [0.01]}, "noise": 0.01}}