{"x0": {"range": [0, 1], "params": {"mean": [0.8870294940067567], "std": [0.2]}, "noise": 0.01}, "x1": {"range": [0, 1], "params": {"mean": [0.0230744491720603], "std": [0.2]}, "noise": 0.01}}