{"x0": {"range": [0, 1], "params": {"mean": [0.8761823869698862], "std": [0.2]}, "noise": 0.01}, "x1": {"range": [0, 1], "params": {"mean": [0.03826494757343253], "std": [0.2]}, "noise": 0.01}}