{"x0": {"range": [0, 1], "params": {"mean": [0.8944874613597142], "std": [0.2]}, "noise": 0.01}, "x1": {"range": [0, 1], "params": {"mean": [0.010583248536312217], "std": [0.2]}, "noise": 0.01}}