{"x0": {"range": [0, 1], "params": {"mean": [0.9141705262074526], "std": [0.2]}, "noise": 0.01}, "x1": {"range": [0, 1], "params": {"mean": [0.04957286876075716], "std": [0.2]}, "noise": 0.01}}