{"x0": {"range": [0, 1], "params": {"mean": [0.8611688734557675], "std": [0.2]}, "noise": 0.01}, "x1": {"range": [0, 1], "params": {"mean": [0.04985133432208744], "std": [0.2]}, "noise": 0.01}}