{"x0": {"range": [0, 1], "params": {"mean": [0.8770704096396547], "std": [0.2]}, "noise": 0.01}, "x1": {"range": [0, 1], "params": {"mean": [0.047563319462482954], "std": [0.2]}, "noise": 0.01}}