{"x0": {"range": [0, 1], "params": {"mean": [0.9037952704946902], "std": [0.2]}, "noise": 0.01}, "x1": {"range": [0, 1], "params": {"mean": [0.017808348321290066], "std": [0.2]}, "noise": 0.01}}