{"x0": {"range": [0, 1], "params": {"mean": [0.8850348508515191], "std": [0.2]}, "noise": 0.01}, "x1": {"range": [0, 1], "params": {"mean": [0.034315474952479594], "std": [0.2]}, "noise": 0.01}}