{"x0": {"range": [0, 1], "params": {"mean": [0.8952425221310325], "std": [0.2]}, "noise": 0.01}, "x1": {"range": [0, 1], "params": {"mean": [0.0459406632529477], "std": [0.2]}, "noise": 0.01}}