{"x0": {"range": [0, 1], "params": {"mean": [0.9297221848050292], "std": [0.2]}, "noise": 0.01}, "x1": {"range": [0, 1], "params": {"mean": [0.011695829299765127], "std": [0.2]}, "noise": 0.01}}