{"x0": {"range": [0, 1], "params": {"mean": [0.8826223807457332], "std": [0.2]}, "noise": 0.01}, "x1": {"range": [0, 1], "params": {"mean": [0.030171335545084183], "std": [0.2]}, "noise": 0.01}}