{"x0": {"range": [0, 1], "params": {"mean": [0.8690221450576157], "std": [0.2]}, "noise": 0.01}, "x1": {"range": [0, 1], "params": {"mean": [0.036348861445879156], "std": [0.2]}, "noise": 0.01}}