{"x0": {"range": [0, 1], "params": {"mean": [0.8888052470533186], "std": [0.2]}, "noise": 0.01}, "x1": {"range": [0, 1], "params": {"mean": [0.04103021206143072], "std": [0.2]}, "noise": 0.01}}