{"x0": {"range": [0, 1], "params": {"mean": [0.8806349552292655], "std": [0.2]}, "noise": 0.01}, "x1": {"range": [0, 1], "params": {"mean": [0.03754474631007991], "std": [0.2]}, "noise": 0.01}}