{"x0": {"range": [0, 1], "params": {"mean": [0.8943223781349556], "std": [0.2]}, "noise": 0.01}, "x1": {"range": [0, 1], "params": {"mean": [0.06185078369661977], "std": [0.2]}, "noise": 0.01}}