{"x0": {"range": [0, 1], "params": {"mean": [0.8607096637950418], "std": [0.2]}, "noise": 0.01}, "x1": {"range": [0, 1], "params": {"mean": [0.007707063807428211], "std": [0.2]}, "noise": 0.01}}