{"x0": {"range": [0, 1], "params": {"mean": [0.9030348190543759], "std": [0.2]}, "noise": 0.01}, "x1": {"range": [0, 1], "params": {"mean": [0.03927210751783123], "std": [0.2]}, "noise": 0.01}}