{"x0": {"range": [0, 1], "params": {"mean": [0.9277330083154862], "std": [0.2]}, "noise": 0.01}, "x1": {"range": [0, 1], "params": {"mean": [0.012858393098742923], "std": [0.2]}, "noise": 0.01}}