{"x0": {"range": [0, 1], "params": {"mean": [0.9164977715942729], "std": [0.2]}, "noise": 0.01}, "x1": {"range": [0, 1], "params": {"mean": [0.02551959126891242], "std": [0.2]}, "noise": 0.01}}