{"x0": {"range": [0, 1], "params": {"mean": [0.8948756914105152], "std": [0.01]}, "noise": 0.01}, "x1": {"range": [0, 1], "params": {"mean": [0.07495312216361566], "std": [0.01]}, "noise": 0.01}}