{"x0": {"range": [0, 1], "params": {"mean": [0.8904914554593087], "std": [0.01]}, "noise": 0.01}, "x1": {"range": [0, 1], "params": {"mean": [0.034855636316130235], "std": [0.01]}, "noise": 0.01}}