{"x0": {"range": [0, 1], "params": {"mean": [0.8590153327713471], "std": [0.01]}, "noise": 0.01}, "x1": {"range": [0, 1], "params": {"mean": [0.015112873965224725], "std": [0.01]}, "noise": 0.01}}