{"x0": {"range": [0, 1], "params": {"mean": [0.9200783421173504], "std": [0.01]}, "noise": 0.01}, "x1": {"range": [0, 1], "params": {"mean": [0.029784966180716316], "std": [0.01]}, "noise": 0.01}}