{"x0": {"range": [0, 1], "params": {"mean": [0.8449411511224217], "std": [0.01]}, "noise": 0.01}, "x1": {"range": [0, 1], "params": {"mean": [0.02412889957438904], "std": [0.01]}, "noise": 0.01}}