{"x0": {"range": [0, 1], "params": {"mean": [0.9116134885084926], "std": [0.01]}, "noise": 0.01}, "x1": {"range": [0, 1], "params": {"mean": [0.02836232752633991], "std": [0.01]}, "noise": 0.01}}