{"x0": {"range": [0, 1], "params": {"mean": [0.8890738838816871], "std": [0.01]}, "noise": 0.01}, "x1": {"range": [0, 1], "params": {"mean": [0.043831150939562774], "std": [0.01]}, "noise": 0.01}}