{"x0": {"range": [0, 1], "params": {"mean": [0.8992332890809374], "std": [0.01]}, "noise": 0.01}, "x1": {"range": [0, 1], "params": {"mean": [0.029655472030896544], "std": [0.01]}, "noise": 0.01}}