{"x0": {"range": [0, 1], "params": {"mean": [0.9170751240423795], "std": [0.01]}, "noise": 0.01}, "x1": {"range": [0, 1], "params": {"mean": [0.04059429209548537], "std": [0.01]}, "noise": 0.01}}