{"x0": {"range": [0, 1], "params": {"mean": [0.8474427629674997], "std": [0.01]}, "noise": 0.01}, "x1": {"range": [0, 1], "params": {"mean": [0.043598220186762626], "std": [0.01]}, "noise": 0.01}}