{"x0": {"range": [0, 1], "params": {"mean": [0.8984829979368112], "std": [0.01]}, "noise": 0.01}, "x1": {"range": [0, 1], "params": {"mean": [0.02031514968365463], "std": [0.01]}, "noise": 0.01}}