{"x0": {"range": [0, 1], "params": {"mean": [0.8642098611049029], "std": [0.01]}, "noise": 0.01}, "x1": {"range": [0, 1], "params": {"mean": [0.029286658123970147], "std": [0.01]}, "noise": 0.01}}