{"x0": {"range": [0, 1], "params": {"mean": [0.9023672905239624], "std": [0.01]}, "noise": 0.01}, "x1": {"range": [0, 1], "params": {"mean": [0.03789678022420099], "std": [0.01]}, "noise": 0.01}}