{"x0": {"range": [0, 1], "params": {"mean": [0.8796420076209893], "std": [0.01]}, "noise": 0.01}, "x1": {"range": [0, 1], "params": {"mean": [0.04255486157082687], "std": [0.01]}, "noise": 0.01}}