{"x0": {"range": [0, 1], "params": {"mean": [0.9053745677490972], "std": [0.01]}, "noise": 0.01}, "x1": {"range": [0, 1], "params": {"mean": [0.01938627900585796], "std": [0.01]}, "noise": 0.01}}