{"x0": {"range": [0, 1], "params": {"mean": [0.9294619102339814], "std": [0.01]}, "noise": 0.01}, "x1": {"range": [0, 1], "params": {"mean": [0.07293901488145152], "std": [0.01]}, "noise": 0.01}}