{"x0": {"range": [0, 1], "params": {"mean": [0.8751008545126322], "std": [0.01]}, "noise": 0.01}, "x1": {"range": [0, 1], "params": {"mean": [0.0620557574741083], "std": [0.01]}, "noise": 0.01}}