{"x0": {"range": [0, 1], "params": {"mean": [0.9051222423887191], "std": [0.01]}, "noise": 0.01}, "x1": {"range": [0, 1], "params": {"mean": [0.030533340082228654], "std": [0.01]}, "noise": 0.01}}