{"x0": {"range": [0, 1], "params": {"mean": [0.89095184939953], "std": [0.01]}, "noise": 0.01}, "x1": {"range": [0, 1], "params": {"mean": [0.04455104689972572], "std": [0.01]}, "noise": 0.01}}