{"x0": {"range": [0, 1], "params": {"mean": [0.8732523869158244], "std": [0.01]}, "noise": 0.01}, "x1": {"range": [0, 1], "params": {"mean": [0.0430007965396189], "std": [0.01]}, "noise": 0.01}}