{"x0": {"range": [0, 1], "params": {"mean": [0.8523716345985759], "std": [0.25]}, "noise": 0.1}, "x1": {"range": [0, 1], "params": {"mean": [0.0023274003300652567], "std": [0.25]}, "noise": 0.1}}