{"x0": {"range": [0, 1], "params": {"mean": [0.8970685694699052], "std": [0.25]}, "noise": 0.1}, "x1": {"range": [0, 1], "params": {"mean": [0.08248162957854505], "std": [0.25]}, "noise": 0.1}}