{"x0": {"range": [0, 1], "params": {"mean": [0.8566363349184023], "std": [0.25]}, "noise": 0.1}, "x1": {"range": [0, 1], "params": {"mean": [0.06801508687484499], "std": [0.25]}, "noise": 0.1}}