{"x0": {"range": [0, 1], "params": {"mean": [0.9408616375578274], "std": [0.25]}, "noise": 0.1}, "x1": {"range": [0, 1], "params": {"mean": [0.04363378703997591], "std": [0.25]}, "noise": 0.1}}