{"x0": {"range": [0, 1], "params": {"mean": [0.8508568105946255], "std": [0.25]}, "noise": 0.1}, "x1": {"range": [0, 1], "params": {"mean": [0.004414292801065155], "std": [0.25]}, "noise": 0.1}}