{"x0": {"range": [0, 1], "params": {"mean": [0.8841460081509896], "std": [0.02]}, "noise": 0.01}, "x1": {"range": [0, 1], "params": {"mean": [0.06192391991758488], "std": [0.02]}, "noise": 0.01}}