{"x0": {"range": [0, 1], "params": {"mean": [0.8899462321897922], "std": [0.02]}, "noise": 0.01}, "x1": {"range": [0, 1], "params": {"mean": [0.017575481346643267], "std": [0.02]}, "noise": 0.01}}