{"x0": {"range": [0, 1], "params": {"mean": [0.8632727474974993], "std": [0.02]}, "noise": 0.01}, "x1": {"range": [0, 1], "params": {"mean": [0.0324411581284654], "std": [0.02]}, "noise": 0.01}}