{"x0": {"range": [0, 1], "params": {"mean": [0.911220668575295], "std": [0.02]}, "noise": 0.01}, "x1": {"range": [0, 1], "params": {"mean": [0.013691342159095888], "std": [0.02]}, "noise": 0.01}}