{"x0": {"range": [0, 1], "params": {"mean": [0.8819828531127303], "std": [0.02]}, "noise": 0.01}, "x1": {"range": [0, 1], "params": {"mean": [0.02155457377641755], "std": [0.02]}, "noise": 0.01}}