{"x0": {"range": [0, 1], "params": {"mean": [0.844904276787541], "std": [0.02]}, "noise": 0.01}, "x1": {"range": [0, 1], "params": {"mean": [0.008481932028158633], "std": [0.02]}, "noise": 0.01}}