{"x0": {"range": [0, 1], "params": {"mean": [0.8624178523019568], "std": [0.02]}, "noise": 0.01}, "x1": {"range": [0, 1], "params": {"mean": [0.01187466471373327], "std": [0.02]}, "noise": 0.01}}