{"x0": {"range": [0, 1], "params": {"mean": [0.8952331080731], "std": [0.02]}, "noise": 0.01}, "x1": {"range": [0, 1], "params": {"mean": [0.026488059900355024], "std": [0.02]}, "noise": 0.01}}