{"x0": {"range": [0, 1], "params": {"mean": [0.8692358428304968], "std": [0.02]}, "noise": 0.01}, "x1": {"range": [0, 1], "params": {"mean": [0.03894849364667722], "std": [0.02]}, "noise": 0.01}}