{"x0": {"range": [0, 1], "params": {"mean": [0.8761666961796123], "std": [0.02]}, "noise": 0.01}, "x1": {"range": [0, 1], "params": {"mean": [0.05660314903097547], "std": [0.02]}, "noise": 0.01}}