{"x0": {"range": [0, 1], "params": {"mean": [0.9155023279029588], "std": [0.02]}, "noise": 0.01}, "x1": {"range": [0, 1], "params": {"mean": [0.056793973271860254], "std": [0.02]}, "noise": 0.01}}