{"x0": {"range": [0, 1], "params": {"mean": [0.8983100472377064], "std": [0.02]}, "noise": 0.01}, "x1": {"range": [0, 1], "params": {"mean": [0.04930410981377301], "std": [0.02]}, "noise": 0.01}}