{"x0": {"range": [0, 1], "params": {"mean": [0.8996797318168289], "std": [0.02]}, "noise": 0.01}, "x1": {"range": [0, 1], "params": {"mean": [0.05676317708438111], "std": [0.02]}, "noise": 0.01}}