{"x0": {"range": [0, 1], "params": {"mean": [0.8879252720302784], "std": [0.02]}, "noise": 0.01}, "x1": {"range": [0, 1], "params": {"mean": [0.02076326030055914], "std": [0.02]}, "noise": 0.01}}