{"x0": {"range": [0, 1], "params": {"mean": [0.8641568335103961], "std": [0.02]}, "noise": 0.01}, "x1": {"range": [0, 1], "params": {"mean": [0.01789815643040541], "std": [0.02]}, "noise": 0.01}}