{"x0": {"range": [0, 1], "params": {"mean": [0.9002206172578233], "std": [0.02]}, "noise": 0.01}, "x1": {"range": [0, 1], "params": {"mean": [0.01815519630847571], "std": [0.02]}, "noise": 0.01}}