{"x0": {"range": [0, 1], "params": {"mean": [0.8865482830793725], "std": [0.02]}, "noise": 0.01}, "x1": {"range": [0, 1], "params": {"mean": [0.01884857462219544], "std": [0.02]}, "noise": 0.01}}