{"x0": {"range": [0, 1], "params": {"mean": [0.8967936536094938], "std": [0.02]}, "noise": 0.01}, "x1": {"range": [0, 1], "params": {"mean": [0.01851518256718208], "std": [0.02]}, "noise": 0.01}}