{"x0": {"range": [0, 1], "params": {"mean": [0.9038301941035612], "std": [0.02]}, "noise": 0.01}, "x1": {"range": [0, 1], "params": {"mean": [0.03665693690620707], "std": [0.02]}, "noise": 0.01}}