{"x0": {"range": [0, 1], "params": {"mean": [0.8430779543903044], "std": [0.01]}, "noise": 0.0}, "x1": {"range": [0, 1], "params": {"mean": [0.006946376200865814], "std": [0.01]}, "noise": 0.0}, "x2": {"range": [0, 1], "params": {"mean": [0.5745414651554107], "std": [0.01]}, "noise": 0.0}, "x3": {"range": [0, 1], "params": {"mean": [0.9917434866272964], "std": [0.01]}, "noise": 0.0}, "x4": {"range": [0, 1], "params": {"mean": [0.003974654114357259], "std": [0.01]}, "noise": 0.0}, "x5": {"range": [0, 1], "params": {"mean": [0.6004521583282724], "std": [0.01]}, "noise": 0.0}, "x6": {"range": [0, 1], "params": {"mean": [0.0028723652870462253], "std": [0.01]}, "noise": 0.0}, "x7": {"range": [0, 1], "params": {"mean": [0.9213105105121868], "std": [0.01]}, "noise": 0.0}}