{"x0": {"range": [-5, 10], "params": {"mean": [3.062947525732002], "std": [1.5]}, "noise": 0.15}, "x1": {"range": [0, 15], "params": {"mean": [3.0187761018724286], "std": [1.5]}, "noise": 0.15}}