{"x0": {"range": [-5, 10], "params": {"mean": [3.2859413016642445], "std": [1.5]}, "noise": 0.15}, "x1": {"range": [0, 15], "params": {"mean": [2.0449755866942145], "std": [1.5]}, "noise": 0.15}}