{"x0": {"range": [-5, 10], "params": {"mean": [2.6078566365277442], "std": [1.5]}, "noise": 0.15}, "x1": {"range": [0, 15], "params": {"mean": [2.1487680778920364], "std": [1.5]}, "noise": 0.15}}