{"x0": {"range": [-5, 10], "params": {"mean": [2.7314602160872856], "std": [1.5]}, "noise": 0.15}, "x1": {"range": [0, 15], "params": {"mean": [2.197718530177186], "std": [1.5]}, "noise": 0.15}}