{"x0": {"range": [-5, 10], "params": {"mean": [2.746203446489327], "std": [1.5]}, "noise": 0.15}, "x1": {"range": [0, 15], "params": {"mean": [1.7462825207370218], "std": [1.5]}, "noise": 0.15}}