{"x0": {"range": [-5, 10], "params": {"mean": [3.178463381787989], "std": [1.5]}, "noise": 0.15}, "x1": {"range": [0, 15], "params": {"mean": [2.050907054910979], "std": [1.5]}, "noise": 0.15}}