{"x0": {"range": [-5, 10], "params": {"mean": [3.1040408223315006], "std": [1.5]}, "noise": 0.15}, "x1": {"range": [0, 15], "params": {"mean": [2.5777431862606415], "std": [1.5]}, "noise": 0.15}}