{"x0": {"range": [-5, 10], "params": {"mean": [2.8549444046951953], "std": [1.5]}, "noise": 0.15}, "x1": {"range": [0, 15], "params": {"mean": [2.215164688047503], "std": [1.5]}, "noise": 0.15}}