{"x0": {"range": [-5, 10], "params": {"mean": [2.580596063065171], "std": [1.5]}, "noise": 0.15}, "x1": {"range": [0, 15], "params": {"mean": [1.9784410343231658], "std": [1.5]}, "noise": 0.15}}