{"x0": {"range": [-5, 10], "params": {"mean": [3.282334140736795], "std": [1.5]}, "noise": 0.15}, "x1": {"range": [0, 15], "params": {"mean": [2.0739180860146096], "std": [1.5]}, "noise": 0.15}}