{"x0": {"range": [-5, 10], "params": {"mean": [3.3627456269532128], "std": [1.5]}, "noise": 0.15}, "x1": {"range": [0, 15], "params": {"mean": [2.658285929863447], "std": [1.5]}, "noise": 0.15}}