{"x0": {"range": [-5, 10], "params": {"mean": [3.5057294279501656], "std": [1.5]}, "noise": 0.15}, "x1": {"range": [0, 15], "params": {"mean": [2.324868375287746], "std": [1.5]}, "noise": 0.15}}