{"x0": {"range": [-5, 10], "params": {"mean": [2.920051552212705], "std": [1.5]}, "noise": 0.15}, "x1": {"range": [0, 15], "params": {"mean": [1.8386602469998412], "std": [1.5]}, "noise": 0.15}}