{"x0": {"range": [-5, 10], "params": {"mean": [3.4354432214403565], "std": [1.5]}, "noise": 0.15}, "x1": {"range": [0, 15], "params": {"mean": [2.6579761543862945], "std": [1.5]}, "noise": 0.15}}