{"x0": {"range": [-5, 10], "params": {"mean": [2.8791199319792327], "std": [1.5]}, "noise": 0.15}, "x1": {"range": [0, 15], "params": {"mean": [2.2425571719662205], "std": [1.5]}, "noise": 0.15}}