{"x0": {"range": [-5, 10], "params": {"mean": [3.4942491583046227], "std": [1.5]}, "noise": 0.15}, "x1": {"range": [0, 15], "params": {"mean": [2.13580903150838], "std": [1.5]}, "noise": 0.15}}