{"x0": {"range": [-5, 10], "params": {"mean": [3.2733354979760065], "std": [1.5]}, "noise": 0.15}, "x1": {"range": [0, 15], "params": {"mean": [2.0709426843733514], "std": [1.5]}, "noise": 0.15}}