{"x0": {"range": [-5, 10], "params": {"mean": [2.896684362138923], "std": [1.5]}, "noise": 0.15}, "x1": {"range": [0, 15], "params": {"mean": [2.456280209951816], "std": [1.5]}, "noise": 0.15}}