{"x0": {"range": [-5, 10], "params": {"mean": [3.429919213703792], "std": [1.5]}, "noise": 0.15}, "x1": {"range": [0, 15], "params": {"mean": [2.2513507940948934], "std": [1.5]}, "noise": 0.15}}