{"x0": {"range": [-5, 10], "params": {"mean": [3.2311160572472715], "std": [1.5]}, "noise": 0.15}, "x1": {"range": [0, 15], "params": {"mean": [2.828899414615126], "std": [1.5]}, "noise": 0.15}}