{"x0": {"range": [0, 1], "params": {"mean": [0.8081894391077828], "std": [0.25]}, "noise": 0.1}, "x1": {"range": [0, 1], "params": {"mean": [0.21429528625152916], "std": [0.25]}, "noise": 0.1}}