{"x0": {"range": [0, 1], "params": {"mean": [0.8483738590235086], "std": [0.25]}, "noise": 0.1}, "x1": {"range": [0, 1], "params": {"mean": [0.22790216874850439], "std": [0.25]}, "noise": 0.1}}