{"x0": {"range": [0, 1], "params": {"mean": [0.692174874191186], "std": [0.25]}, "noise": 0.1}, "x1": {"range": [0, 1], "params": {"mean": [0.02608750705081781], "std": [0.25]}, "noise": 0.1}}