{"x0": {"range": [0, 1], "params": {"mean": [0.7517879534378646], "std": [0.25]}, "noise": 0.1}, "x1": {"range": [0, 1], "params": {"mean": [0.17528969588098947], "std": [0.25]}, "noise": 0.1}}