{"x0": {"range": [0, 1], "params": {"mean": [0.9501734732361031], "std": [0.25]}, "noise": 0.1}, "x1": {"range": [0, 1], "params": {"mean": [0.22410493029278422], "std": [0.25]}, "noise": 0.1}}