{"x0": {"range": [0, 1], "params": {"mean": [0.025431107564088104], "std": [0.1]}, "noise": 0.01}, "x1": {"range": [0, 1], "params": {"mean": [0.9965480057139813], "std": [0.1]}, "noise": 0.01}, "x2": {"range": [0, 1], "params": {"mean": [0.6151136133079286], "std": [0.1]}, "noise": 0.01}, "x3": {"range": [0, 1], "params": {"mean": [0.3902855968665717], "std": [0.1]}, "noise": 0.01}, "x4": {"range": [0, 1], "params": {"mean": [0.9663620035031703], "std": [0.1]}, "noise": 0.01}, "x5": {"range": [0, 1], "params": {"mean": [0.0005426388979559645], "std": [0.1]}, "noise": 0.01}, "x6": {"range": [0, 1], "params": {"mean": [0.05247298022317615], "std": [0.1]}, "noise": 0.01}, "x7": {"range": [0, 1], "params": {"mean": [0.4405959505401285], "std": [0.1]}, "noise": 0.01}}