{"x0": {"range": [0, 1], "params": {"mean": [0.6988401673808352], "std": [0.1]}, "noise": 0.01}, "x1": {"range": [0, 1], "params": {"mean": [0.3078923014812247], "std": [0.1]}, "noise": 0.01}}