{"x0": {"range": [0, 1], "params": {"mean": [0.7035279858186525], "std": [0.1]}, "noise": 0.01}, "x1": {"range": [0, 1], "params": {"mean": [0.1060700640581935], "std": [0.1]}, "noise": 0.01}}