{"x0": {"range": [0, 1], "params": {"mean": [0.6932091174071487], "std": [0.1]}, "noise": 0.01}, "x1": {"range": [0, 1], "params": {"mean": [0.15527230594921826], "std": [0.1]}, "noise": 0.01}}