{"x0": {"range": [0, 1], "params": {"mean": [0.7631051433440447], "std": [0.1]}, "noise": 0.01}, "x1": {"range": [0, 1], "params": {"mean": [0.0014214562946044812], "std": [0.1]}, "noise": 0.01}}