{"x0": {"range": [0, 1], "params": {"mean": [0.8984189110857497], "std": [0.1]}, "noise": 0.01}, "x1": {"range": [0, 1], "params": {"mean": [0.405520787639139], "std": [0.1]}, "noise": 0.01}}