{"x0": {"range": [0, 1], "params": {"mean": [0.7597503144107669], "std": [0.1]}, "noise": 0.01}, "x1": {"range": [0, 1], "params": {"mean": [0.023289483782259066], "std": [0.1]}, "noise": 0.01}}