{"x0": {"range": [0, 1], "params": {"mean": [0.6308017703610043], "std": [0.1]}, "noise": 0.01}, "x1": {"range": [0, 1], "params": {"mean": [0.17037840536611354], "std": [0.1]}, "noise": 0.01}}