{"x0": {"range": [0, 1], "params": {"mean": [0.7387602705334675], "std": [0.1]}, "noise": 0.01}, "x1": {"range": [0, 1], "params": {"mean": [0.18670792287859256], "std": [0.1]}, "noise": 0.01}}