{"x0": {"range": [0, 1], "params": {"mean": [0.7845083785991731], "std": [0.1]}, "noise": 0.01}, "x1": {"range": [0, 1], "params": {"mean": [0.12127720735372886], "std": [0.1]}, "noise": 0.01}}