{"x0": {"range": [0, 1], "params": {"mean": [0.8899139762393792], "std": [0.1]}, "noise": 0.01}, "x1": {"range": [0, 1], "params": {"mean": [0.09069663953146843], "std": [0.1]}, "noise": 0.01}}