{"x0": {"range": [0, 1], "params": {"mean": [0.6383626690650159], "std": [0.1]}, "noise": 0.01}, "x1": {"range": [0, 1], "params": {"mean": [0.3639956538159122], "std": [0.1]}, "noise": 0.01}}