{"x0": {"range": [0, 1], "params": {"mean": [0.6628684998288465], "std": [0.1]}, "noise": 0.01}, "x1": {"range": [0, 1], "params": {"mean": [0.3188073151197793], "std": [0.1]}, "noise": 0.01}}