{"x0": {"range": [0, 1], "params": {"mean": [0.9823904507890614], "std": [0.1]}, "noise": 0.01}, "x1": {"range": [0, 1], "params": {"mean": [0.21531838220881477], "std": [0.1]}, "noise": 0.01}}