{"x0": {"range": [0, 1], "params": {"mean": [0.8674986250959232], "std": [0.1]}, "noise": 0.01}, "x1": {"range": [0, 1], "params": {"mean": [0.06355349168417154], "std": [0.1]}, "noise": 0.01}}