{"x0": {"range": [0, 1], "params": {"mean": [0.7383067231731331], "std": [0.1]}, "noise": 0.01}, "x1": {"range": [0, 1], "params": {"mean": [0.02973924296471905], "std": [0.1]}, "noise": 0.01}}