{"x0": {"range": [0, 1], "params": {"mean": [0.6593048783178369], "std": [0.1]}, "noise": 0.01}, "x1": {"range": [0, 1], "params": {"mean": [0.3542293709952498], "std": [0.1]}, "noise": 0.01}}