{"x0": {"range": [0, 1], "params": {"mean": [0.9820828755357676], "std": [0.1]}, "noise": 0.01}, "x1": {"range": [0, 1], "params": {"mean": [0.11347414427239517], "std": [0.1]}, "noise": 0.01}}