{"x0": {"range": [0, 1], "params": {"mean": [0.7144472354438411], "std": [0.1]}, "noise": 0.01}, "x1": {"range": [0, 1], "params": {"mean": [0.11066051985590648], "std": [0.1]}, "noise": 0.01}}