{"x0": {"range": [0, 1], "params": {"mean": [0.718186098682027], "std": [0.1]}, "noise": 0.01}, "x1": {"range": [0, 1], "params": {"mean": [0.1525244229069316], "std": [0.1]}, "noise": 0.01}}