{"x0": {"range": [0, 1], "params": {"mean": [0.9715192225035426], "std": [0.05]}, "noise": 0.01}, "x1": {"range": [0, 1], "params": {"mean": [0.21205296315664474], "std": [0.05]}, "noise": 0.01}}