{"x0": {"range": [0, 1], "params": {"mean": [0.8183493061951727], "std": [0.05]}, "noise": 0.01}, "x1": {"range": [0, 1], "params": {"mean": [0.17792381905649512], "std": [0.05]}, "noise": 0.01}}