{"x0": {"range": [0, 1], "params": {"mean": [0.8990750210414423], "std": [0.05]}, "noise": 0.01}, "x1": {"range": [0, 1], "params": {"mean": [0.013862475680402709], "std": [0.05]}, "noise": 0.01}}