{"x0": {"range": [0, 1], "params": {"mean": [0.9700146489680552], "std": [0.05]}, "noise": 0.01}, "x1": {"range": [0, 1], "params": {"mean": [0.15826721899880308], "std": [0.05]}, "noise": 0.01}}