{"x0": {"range": [0, 1], "params": {"mean": [0.7672053949366204], "std": [0.05]}, "noise": 0.01}, "x1": {"range": [0, 1], "params": {"mean": [0.24023991225436353], "std": [0.05]}, "noise": 0.01}}