{"x0": {"range": [0, 1], "params": {"mean": [0.9799314310698605], "std": [0.05]}, "noise": 0.01}, "x1": {"range": [0, 1], "params": {"mean": [0.24356075690652584], "std": [0.05]}, "noise": 0.01}}