{"x0": {"range": [0, 1], "params": {"mean": [0.7983164515328155], "std": [0.05]}, "noise": 0.01}, "x1": {"range": [0, 1], "params": {"mean": [0.14631870417614537], "std": [0.05]}, "noise": 0.01}}