{"x0": {"range": [0, 1], "params": {"mean": [0.8538660376951367], "std": [0.05]}, "noise": 0.01}, "x1": {"range": [0, 1], "params": {"mean": [0.027157700511233108], "std": [0.05]}, "noise": 0.01}}