{"x0": {"range": [0, 1], "params": {"mean": [0.8161885488730096], "std": [0.05]}, "noise": 0.01}, "x1": {"range": [0, 1], "params": {"mean": [0.255277879553957], "std": [0.05]}, "noise": 0.01}}