{"x0": {"range": [0, 1], "params": {"mean": [0.6320343099711286], "std": [0.05]}, "noise": 0.01}, "x1": {"range": [0, 1], "params": {"mean": [0.09629570737987167], "std": [0.05]}, "noise": 0.01}}