{"x0": {"range": [0, 1], "params": {"mean": [0.9028821122806792], "std": [0.05]}, "noise": 0.01}, "x1": {"range": [0, 1], "params": {"mean": [0.2273501669670291], "std": [0.05]}, "noise": 0.01}}