{"x0": {"range": [0, 1], "params": {"mean": [0.9344748880452475], "std": [0.05]}, "noise": 0.01}, "x1": {"range": [0, 1], "params": {"mean": [0.241176720713356], "std": [0.05]}, "noise": 0.01}}