{"x0": {"range": [0, 1], "params": {"mean": [0.6702092886321227], "std": [0.05]}, "noise": 0.01}, "x1": {"range": [0, 1], "params": {"mean": [0.13137828468552626], "std": [0.05]}, "noise": 0.01}}