{"x0": {"range": [0, 1], "params": {"mean": [0.9262301102226482], "std": [0.05]}, "noise": 0.01}, "x1": {"range": [0, 1], "params": {"mean": [0.22949418760790047], "std": [0.05]}, "noise": 0.01}}