{"x0": {"range": [0, 1], "params": {"mean": [0.719787151796957], "std": [0.05]}, "noise": 0.01}, "x1": {"range": [0, 1], "params": {"mean": [0.04537346262616106], "std": [0.05]}, "noise": 0.01}}