{"x0": {"range": [0, 1], "params": {"mean": [0.8439584498262286], "std": [0.05]}, "noise": 0.01}, "x1": {"range": [0, 1], "params": {"mean": [0.17953524876610266], "std": [0.05]}, "noise": 0.01}}