{"x0": {"range": [0, 1], "params": {"mean": [0.9272118704351213], "std": [0.05]}, "noise": 0.01}, "x1": {"range": [0, 1], "params": {"mean": [0.2923770332613013], "std": [0.05]}, "noise": 0.01}}