{"x0": {"range": [0, 1], "params": {"mean": [0.780750279244258], "std": [0.05]}, "noise": 0.01}, "x1": {"range": [0, 1], "params": {"mean": [0.15700121808166267], "std": [0.05]}, "noise": 0.01}}