{"x0": {"range": [0, 1], "params": {"mean": [0.9358144968984313], "std": [0.05]}, "noise": 0.01}, "x1": {"range": [0, 1], "params": {"mean": [0.003430552033723739], "std": [0.05]}, "noise": 0.01}}