{"x0": {"range": [0, 1], "params": {"mean": [0.048864717086097825], "std": [0.01]}, "noise": 0.01}, "x1": {"range": [0, 1], "params": {"mean": [0.954225557801346], "std": [0.01]}, "noise": 0.01}, "x2": {"range": [0, 1], "params": {"mean": [0.6533989963768784], "std": [0.01]}, "noise": 0.01}, "x3": {"range": [0, 1], "params": {"mean": [0.39962734639602504], "std": [0.01]}, "noise": 0.01}, "x4": {"range": [0, 1], "params": {"mean": [0.9916008073478462], "std": [0.01]}, "noise": 0.01}, "x5": {"range": [0, 1], "params": {"mean": [0.01395692244439011], "std": [0.01]}, "noise": 0.01}, "x6": {"range": [0, 1], "params": {"mean": [0.017528757819283466], "std": [0.01]}, "noise": 0.01}, "x7": {"range": [0, 1], "params": {"mean": [0.45194089482757505], "std": [0.01]}, "noise": 0.01}}