{"x0": {"range": [-5, 10], "params": {"mean": [5.991630122386728], "std": [0.75]}, "noise": 0.15}, "x1": {"range": [0, 15], "params": {"mean": [3.399746944815444], "std": [0.75]}, "noise": 0.15}}