{"x0": {"range": [-5, 10], "params": {"mean": [3.8131758107851867], "std": [0.75]}, "noise": 0.15}, "x1": {"range": [0, 15], "params": {"mean": [2.4557215498240073], "std": [0.75]}, "noise": 0.15}}