{"x0": {"range": [-5, 10], "params": {"mean": [1.7051291392847647], "std": [0.75]}, "noise": 0.15}, "x1": {"range": [0, 15], "params": {"mean": [5.457824858417723], "std": [0.75]}, "noise": 0.15}}