{"x0": {"range": [-5, 10], "params": {"mean": [0.7663252663667732], "std": [0.75]}, "noise": 0.15}, "x1": {"range": [0, 15], "params": {"mean": [1.142624907321927], "std": [0.75]}, "noise": 0.15}}