{"x0": {"range": [-5, 10], "params": {"mean": [4.293474865323295], "std": [0.75]}, "noise": 0.15}, "x1": {"range": [0, 15], "params": {"mean": [3.1382435723235296], "std": [0.75]}, "noise": 0.15}}