{"x0": {"range": [-5, 10], "params": {"mean": [4.463377567231623], "std": [0.75]}, "noise": 0.15}, "x1": {"range": [0, 15], "params": {"mean": [1.4430773510896036], "std": [0.75]}, "noise": 0.15}}