{"x0": {"range": [-5, 10], "params": {"mean": [-0.2773931992859815], "std": [0.75]}, "noise": 0.15}, "x1": {"range": [0, 15], "params": {"mean": [3.3173693450312025], "std": [0.75]}, "noise": 0.15}}