{"x0": {"range": [-5, 10], "params": {"mean": [3.735341233483269], "std": [0.75]}, "noise": 0.15}, "x1": {"range": [0, 15], "params": {"mean": [1.8390627728661317], "std": [0.75]}, "noise": 0.15}}