{"x0": {"range": [-5, 10], "params": {"mean": [3.4045497681974877], "std": [0.75]}, "noise": 0.15}, "x1": {"range": [0, 15], "params": {"mean": [5.204812000119645], "std": [0.75]}, "noise": 0.15}}