{"x0": {"range": [-5, 10], "params": {"mean": [3.422208027946969], "std": [0.75]}, "noise": 0.15}, "x1": {"range": [0, 15], "params": {"mean": [3.533295091233657], "std": [0.75]}, "noise": 0.15}}