{"x0": {"range": [-5, 10], "params": {"mean": [1.5390373087481317], "std": [0.75]}, "noise": 0.15}, "x1": {"range": [0, 15], "params": {"mean": [1.890099720558481], "std": [0.75]}, "noise": 0.15}}