{"x0": {"range": [-5, 10], "params": {"mean": [1.5546774621054311], "std": [0.75]}, "noise": 0.15}, "x1": {"range": [0, 15], "params": {"mean": [1.2873545635881456], "std": [0.75]}, "noise": 0.15}}