{"x0": {"range": [-5, 10], "params": {"mean": [3.0568559719545543], "std": [0.75]}, "noise": 0.15}, "x1": {"range": [0, 15], "params": {"mean": [1.0980527560731197], "std": [0.75]}, "noise": 0.15}}