{"x0": {"range": [-5, 10], "params": {"mean": [2.0006890007156617], "std": [0.75]}, "noise": 0.15}, "x1": {"range": [0, 15], "params": {"mean": [4.0352163545424915], "std": [0.75]}, "noise": 0.15}}