{"x0": {"range": [-5, 10], "params": {"mean": [-0.7913636826341564], "std": [0.75]}, "noise": 0.15}, "x1": {"range": [0, 15], "params": {"mean": [1.7651627972841637], "std": [0.75]}, "noise": 0.15}}