{"x0": {"range": [-5, 10], "params": {"mean": [6.9825765878710655], "std": [0.75]}, "noise": 0.15}, "x1": {"range": [0, 15], "params": {"mean": [0.8693071491745705], "std": [0.75]}, "noise": 0.15}}