{"x0": {"range": [-5, 10], "params": {"mean": [3.0584604736472962], "std": [0.75]}, "noise": 0.15}, "x1": {"range": [0, 15], "params": {"mean": [3.3456040723378044], "std": [0.75]}, "noise": 0.15}}