{"x0": {"range": [-5, 10], "params": {"mean": [4.4142099930831105], "std": [0.75]}, "noise": 0.15}, "x1": {"range": [0, 15], "params": {"mean": [2.988032502698751], "std": [0.75]}, "noise": 0.15}}