{"x0": {"range": [-5, 10], "params": {"mean": [3.364056217502293], "std": [0.75]}, "noise": 0.15}, "x1": {"range": [0, 15], "params": {"mean": [2.47267334397871], "std": [0.75]}, "noise": 0.15}}