{"x0": {"range": [0, 1], "params": {"mean": [0.8811450609294517], "std": [0.01]}, "noise": 0.01}, "x1": {"range": [0, 1], "params": {"mean": [0.03263709869298238], "std": [0.01]}, "noise": 0.01}}