{"x0": {"range": [0, 1], "params": {"mean": [0.873763429833843], "std": [0.01]}, "noise": 0.01}, "x1": {"range": [0, 1], "params": {"mean": [0.027989682879365707], "std": [0.01]}, "noise": 0.01}}