{"x0": {"range": [0, 1], "params": {"mean": [0.8795780866515494], "std": [0.01]}, "noise": 0.01}, "x1": {"range": [0, 1], "params": {"mean": [0.03977952748326489], "std": [0.01]}, "noise": 0.01}}