{"x0": {"range": [0, 1], "params": {"mean": [0.8896119480625979], "std": [0.01]}, "noise": 0.01}, "x1": {"range": [0, 1], "params": {"mean": [0.03246139493693457], "std": [0.01]}, "noise": 0.01}}