{"x0": {"range": [0, 1], "params": {"mean": [0.8950273127192132], "std": [0.01]}, "noise": 0.01}, "x1": {"range": [0, 1], "params": {"mean": [0.027781170558828814], "std": [0.01]}, "noise": 0.01}}