{"x0": {"range": [0, 1], "params": {"mean": [0.8970989204568012], "std": [0.01]}, "noise": 0.01}, "x1": {"range": [0, 1], "params": {"mean": [0.031744505968990325], "std": [0.01]}, "noise": 0.01}}