{"x0": {"range": [0, 1], "params": {"mean": [0.904049363381911], "std": [0.01]}, "noise": 0.01}, "x1": {"range": [0, 1], "params": {"mean": [0.03564885550194188], "std": [0.01]}, "noise": 0.01}}