{"x0": {"range": [0, 1], "params": {"mean": [0.905977327159974], "std": [0.01]}, "noise": 0.01}, "x1": {"range": [0, 1], "params": {"mean": [0.022844101052171613], "std": [0.01]}, "noise": 0.01}}