{"x0": {"range": [0, 1], "params": {"mean": [0.8777715787788728], "std": [0.01]}, "noise": 0.01}, "x1": {"range": [0, 1], "params": {"mean": [0.029055537146670387], "std": [0.01]}, "noise": 0.01}}