{"x0": {"range": [0, 1], "params": {"mean": [0.8975317080818617], "std": [0.01]}, "noise": 0.01}, "x1": {"range": [0, 1], "params": {"mean": [0.05053790340912989], "std": [0.01]}, "noise": 0.01}}