{"x0": {"range": [0, 1], "params": {"mean": [0.879233834572787], "std": [0.01]}, "noise": 0.01}, "x1": {"range": [0, 1], "params": {"mean": [0.02286893961041483], "std": [0.01]}, "noise": 0.01}}