{"x0": {"range": [0, 1], "params": {"mean": [0.8972964089315055], "std": [0.01]}, "noise": 0.01}, "x1": {"range": [0, 1], "params": {"mean": [0.03882904368811815], "std": [0.01]}, "noise": 0.01}}