{"x0": {"range": [0, 1], "params": {"mean": [0.9026498752396119], "std": [0.01]}, "noise": 0.01}, "x1": {"range": [0, 1], "params": {"mean": [0.03902385487536008], "std": [0.01]}, "noise": 0.01}}