{"x0": {"range": [0, 1], "params": {"mean": [0.8841431979564476], "std": [0.01]}, "noise": 0.01}, "x1": {"range": [0, 1], "params": {"mean": [0.026479520479152203], "std": [0.01]}, "noise": 0.01}}