{"x0": {"range": [0, 1], "params": {"mean": [0.9096361472835461], "std": [0.01]}, "noise": 0.01}, "x1": {"range": [0, 1], "params": {"mean": [0.03005515442978993], "std": [0.01]}, "noise": 0.01}}