{"x0": {"range": [0, 1], "params": {"mean": [0.8949429372285541], "std": [0.01]}, "noise": 0.01}, "x1": {"range": [0, 1], "params": {"mean": [0.03610873164441439], "std": [0.01]}, "noise": 0.01}}