{"x0": {"range": [0, 1], "params": {"mean": [0.8945555012521202], "std": [0.01]}, "noise": 0.01}, "x1": {"range": [0, 1], "params": {"mean": [0.025677237031631116], "std": [0.01]}, "noise": 0.01}}