{"x0": {"range": [0, 1], "params": {"mean": [0.89643192484281], "std": [0.01]}, "noise": 0.01}, "x1": {"range": [0, 1], "params": {"mean": [0.027217439168441954], "std": [0.01]}, "noise": 0.01}}