{"x0": {"range": [0, 1], "params": {"mean": [0.9022400487090286], "std": [0.01]}, "noise": 0.01}, "x1": {"range": [0, 1], "params": {"mean": [0.036005089971781264], "std": [0.01]}, "noise": 0.01}}