{"x0": {"range": [0, 1], "params": {"mean": [0.9107051135327425], "std": [0.01]}, "noise": 0.01}, "x1": {"range": [0, 1], "params": {"mean": [0.03429535102487558], "std": [0.01]}, "noise": 0.01}}