{"x0": {"range": [-5, 10], "params": {"mean": [2.152597341101997], "std": [3.0]}, "noise": 0.15}, "x1": {"range": [0, 15], "params": {"mean": [6.137847539415986], "std": [3.0]}, "noise": 0.15}}