{"x0": {"range": [-5, 10], "params": {"mean": [5.573290067759343], "std": [3.0]}, "noise": 0.15}, "x1": {"range": [0, 15], "params": {"mean": [2.211798611590964], "std": [3.0]}, "noise": 0.15}}