{"x0": {"range": [-5, 10], "params": {"mean": [-1.4764815033049947], "std": [3.0]}, "noise": 0.15}, "x1": {"range": [0, 15], "params": {"mean": [3.0923986700934285], "std": [3.0]}, "noise": 0.15}}