{"x0": {"range": [-5, 10], "params": {"mean": [7.631139510064459], "std": [3.0]}, "noise": 0.15}, "x1": {"range": [0, 15], "params": {"mean": [7.777250963918625], "std": [3.0]}, "noise": 0.15}}