{"x0": {"range": [-5, 10], "params": {"mean": [2.085413865228271], "std": [3.0]}, "noise": 0.15}, "x1": {"range": [0, 15], "params": {"mean": [0.19136949685250126], "std": [3.0]}, "noise": 0.15}}