{"x0": {"range": [-5, 10], "params": {"mean": [-2.3864265601366395], "std": [3.0]}, "noise": 0.15}, "x1": {"range": [0, 15], "params": {"mean": [2.168866735209534], "std": [3.0]}, "noise": 0.15}}