{"x0": {"range": [-5, 10], "params": {"mean": [6.609873353025105], "std": [3.0]}, "noise": 0.15}, "x1": {"range": [0, 15], "params": {"mean": [6.016337041505956], "std": [3.0]}, "noise": 0.15}}