{"x0": {"range": [-5, 10], "params": {"mean": [3.156989868033063], "std": [3.0]}, "noise": 0.15}, "x1": {"range": [0, 15], "params": {"mean": [7.186697288179003], "std": [3.0]}, "noise": 0.15}}