{"x0": {"range": [-5, 10], "params": {"mean": [0.1769906115714428], "std": [3.0]}, "noise": 0.15}, "x1": {"range": [0, 15], "params": {"mean": [5.187122351218001], "std": [3.0]}, "noise": 0.15}}