{"x0": {"range": [-5, 10], "params": {"mean": [4.5117704570304475], "std": [3.0]}, "noise": 0.15}, "x1": {"range": [0, 15], "params": {"mean": [2.9085463448549733], "std": [3.0]}, "noise": 0.15}}