{"x0": {"range": [-5, 10], "params": {"mean": [1.5313754049911896], "std": [3.0]}, "noise": 0.15}, "x1": {"range": [0, 15], "params": {"mean": [3.7449953664399542], "std": [3.0]}, "noise": 0.15}}