{"x0": {"range": [-5, 10], "params": {"mean": [1.6247136744435506], "std": [3.0]}, "noise": 0.15}, "x1": {"range": [0, 15], "params": {"mean": [3.617059381178704], "std": [3.0]}, "noise": 0.15}}