{"x0": {"range": [-5, 10], "params": {"mean": [5.2868628000380955], "std": [3.0]}, "noise": 0.15}, "x1": {"range": [0, 15], "params": {"mean": [5.767290271080734], "std": [3.0]}, "noise": 0.15}}