{"x0": {"range": [-5, 10], "params": {"mean": [2.0593854446193594], "std": [3.0]}, "noise": 0.15}, "x1": {"range": [0, 15], "params": {"mean": [5.942501018300105], "std": [3.0]}, "noise": 0.15}}