{"x0": {"range": [-5, 10], "params": {"mean": [-0.8119814973943651], "std": [3.0]}, "noise": 0.15}, "x1": {"range": [0, 15], "params": {"mean": [2.1238160157472104], "std": [3.0]}, "noise": 0.15}}