{"x0": {"range": [-5, 10], "params": {"mean": [1.5585016951227457], "std": [3.0]}, "noise": 0.15}, "x1": {"range": [0, 15], "params": {"mean": [0.8482535491429575], "std": [3.0]}, "noise": 0.15}}