{"x0": {"range": [-5, 10], "params": {"mean": [2.311784572079388], "std": [3.0]}, "noise": 0.15}, "x1": {"range": [0, 15], "params": {"mean": [6.548192768251681], "std": [3.0]}, "noise": 0.15}}