{"x0": {"range": [0, 1], "params": {"mean": [0.9903671654949978], "std": [0.05]}, "noise": 0.01}, "x1": {"range": [0, 1], "params": {"mean": [0.018462502381284412], "std": [0.05]}, "noise": 0.01}, "x2": {"range": [0, 1], "params": {"mean": [0.8207658655207519], "std": [0.05]}, "noise": 0.01}, "x3": {"range": [0, 1], "params": {"mean": [0.7734105394098503], "std": [0.05]}, "noise": 0.01}, "x4": {"range": [0, 1], "params": {"mean": [0.0686981969649806], "std": [0.05]}, "noise": 0.01}, "x5": {"range": [0, 1], "params": {"mean": [0.9195667111365388], "std": [0.05]}, "noise": 0.01}}