{"x0": {"range": [0, 1], "params": {"mean": [0.8932619209757211], "std": [0.1]}, "noise": 0.01}, "x1": {"range": [0, 1], "params": {"mean": [0.03259909328669163], "std": [0.1]}, "noise": 0.01}}