{"x0": {"range": [0, 1], "params": {"mean": [0.8909891280624156], "std": [0.1]}, "noise": 0.01}, "x1": {"range": [0, 1], "params": {"mean": [0.024635329641849363], "std": [0.1]}, "noise": 0.01}}