{"x0": {"range": [0, 1], "params": {"mean": [0.8862546225212511], "std": [0.1]}, "noise": 0.01}, "x1": {"range": [0, 1], "params": {"mean": [0.03246541485057207], "std": [0.1]}, "noise": 0.01}}