{"x0": {"range": [0, 1], "params": {"mean": [0.890306389619622], "std": [0.1]}, "noise": 0.01}, "x1": {"range": [0, 1], "params": {"mean": [0.014240375992349119], "std": [0.1]}, "noise": 0.01}}