{"x0": {"range": [0, 1], "params": {"mean": [0.8865411818252918], "std": [0.1]}, "noise": 0.01}, "x1": {"range": [0, 1], "params": {"mean": [0.035242156143016], "std": [0.1]}, "noise": 0.01}}