{"x0": {"range": [0, 1], "params": {"mean": [0.8988648772599482], "std": [0.1]}, "noise": 0.01}, "x1": {"range": [0, 1], "params": {"mean": [0.029366957323635784], "std": [0.1]}, "noise": 0.01}}