{"x0": {"range": [0, 1], "params": {"mean": [0.8996566576874072], "std": [0.1]}, "noise": 0.01}, "x1": {"range": [0, 1], "params": {"mean": [0.03211238419166008], "std": [0.1]}, "noise": 0.01}}