{"x0": {"range": [0, 1], "params": {"mean": [0.8953351321893761], "std": [0.1]}, "noise": 0.01}, "x1": {"range": [0, 1], "params": {"mean": [0.03693335663353189], "std": [0.1]}, "noise": 0.01}}