{"x0": {"range": [0, 1], "params": {"mean": [0.8997538135715476], "std": [0.1]}, "noise": 0.01}, "x1": {"range": [0, 1], "params": {"mean": [0.03087851324002049], "std": [0.1]}, "noise": 0.01}}