{"x0": {"range": [0, 1], "params": {"mean": [0.8991573211977744], "std": [0.1]}, "noise": 0.01}, "x1": {"range": [0, 1], "params": {"mean": [0.04570800848625902], "std": [0.1]}, "noise": 0.01}}