{"x0": {"range": [0, 1], "params": {"mean": [0.88786946308621], "std": [0.1]}, "noise": 0.01}, "x1": {"range": [0, 1], "params": {"mean": [0.03781988005380536], "std": [0.1]}, "noise": 0.01}}