{"x0": {"range": [0, 1], "params": {"mean": [0.87340203900091], "std": [0.1]}, "noise": 0.01}, "x1": {"range": [0, 1], "params": {"mean": [0.00765201684361113], "std": [0.1]}, "noise": 0.01}}