{"x0": {"range": [0, 1], "params": {"mean": [0.8942126016480113], "std": [0.1]}, "noise": 0.01}, "x1": {"range": [0, 1], "params": {"mean": [0.030768307554968476], "std": [0.1]}, "noise": 0.01}}