{"x0": {"range": [0, 1], "params": {"mean": [0.8865589689748925], "std": [0.1]}, "noise": 0.01}, "x1": {"range": [0, 1], "params": {"mean": [0.02703685868687523], "std": [0.1]}, "noise": 0.01}}