{"x0": {"range": [0, 1], "params": {"mean": [0.8802124345510969], "std": [0.1]}, "noise": 0.01}, "x1": {"range": [0, 1], "params": {"mean": [0.020314022470058493], "std": [0.1]}, "noise": 0.01}}