{"x0": {"range": [0, 1], "params": {"mean": [0.895839857854728], "std": [0.1]}, "noise": 0.01}, "x1": {"range": [0, 1], "params": {"mean": [0.03575826570803724], "std": [0.1]}, "noise": 0.01}}