{"x0": {"range": [0, 1], "params": {"mean": [0.8995920421125327], "std": [0.1]}, "noise": 0.01}, "x1": {"range": [0, 1], "params": {"mean": [0.03832601179176974], "std": [0.1]}, "noise": 0.01}}