{"x0": {"range": [0, 1], "params": {"mean": [0.8774736748743165], "std": [0.1]}, "noise": 0.01}, "x1": {"range": [0, 1], "params": {"mean": [0.043061533085940025], "std": [0.1]}, "noise": 0.01}}