{"x0": {"range": [0, 1], "params": {"mean": [0.9037839689204273], "std": [0.1]}, "noise": 0.01}, "x1": {"range": [0, 1], "params": {"mean": [0.03881630339367775], "std": [0.1]}, "noise": 0.01}}