{"x0": {"range": [0, 1], "params": {"mean": [0.8863114533761787], "std": [0.1]}, "noise": 0.01}, "x1": {"range": [0, 1], "params": {"mean": [0.04407599879494621], "std": [0.1]}, "noise": 0.01}}