{"x0": {"range": [0, 1], "params": {"mean": [0.8514862261243215], "std": [0.1]}, "noise": 0.01}, "x1": {"range": [0, 1], "params": {"mean": [0.039094076903509904], "std": [0.1]}, "noise": 0.01}}