{"x0": {"range": [0, 1], "params": {"mean": [0.8947898318212283], "std": [0.1]}, "noise": 0.01}, "x1": {"range": [0, 1], "params": {"mean": [0.03885803020935687], "std": [0.1]}, "noise": 0.01}}