{"x0": {"range": [0, 1], "params": {"mean": [0.9416869087317895], "std": [0.1]}, "noise": 0.01}, "x1": {"range": [0, 1], "params": {"mean": [0.035012347260844075], "std": [0.1]}, "noise": 0.01}}