{"x0": {"range": [0, 1], "params": {"mean": [0.8404575153710591], "std": [0.1]}, "noise": 0.01}, "x1": {"range": [0, 1], "params": {"mean": [0.08646641786438447], "std": [0.1]}, "noise": 0.01}}