{"x0": {"range": [0, 1], "params": {"mean": [0.9291054970149625], "std": [0.1]}, "noise": 0.01}, "x1": {"range": [0, 1], "params": {"mean": [0.016560915859626314], "std": [0.1]}, "noise": 0.01}}