{"x0": {"range": [0, 1], "params": {"mean": [0.8744704226707526], "std": [0.1]}, "noise": 0.01}, "x1": {"range": [0, 1], "params": {"mean": [0.021778221432799755], "std": [0.1]}, "noise": 0.01}}