{"x0": {"range": [0, 1], "params": {"mean": [0.8752739742908889], "std": [0.1]}, "noise": 0.01}, "x1": {"range": [0, 1], "params": {"mean": [0.13113547391361563], "std": [0.1]}, "noise": 0.01}}