{"x0": {"range": [0, 1], "params": {"mean": [0.8706709850977551], "std": [0.1]}, "noise": 0.01}, "x1": {"range": [0, 1], "params": {"mean": [0.09897794344164654], "std": [0.1]}, "noise": 0.01}}