{"x0": {"range": [0, 1], "params": {"mean": [0.9167213974207411], "std": [0.1]}, "noise": 0.01}, "x1": {"range": [0, 1], "params": {"mean": [0.03985190932550385], "std": [0.1]}, "noise": 0.01}}