{"x0": {"range": [0, 1], "params": {"mean": [0.8693096894139596], "std": [0.1]}, "noise": 0.01}, "x1": {"range": [0, 1], "params": {"mean": [0.02856229250314051], "std": [0.1]}, "noise": 0.01}}