{"x0": {"range": [0, 1], "params": {"mean": [0.8527466856836581], "std": [0.1]}, "noise": 0.01}, "x1": {"range": [0, 1], "params": {"mean": [0.08567475156365788], "std": [0.1]}, "noise": 0.01}}