{"x0": {"range": [0, 1], "params": {"mean": [0.9073060415555734], "std": [0.1]}, "noise": 0.01}, "x1": {"range": [0, 1], "params": {"mean": [0.05891600322348144], "std": [0.1]}, "noise": 0.01}}