{"x0": {"range": [0, 1], "params": {"mean": [0.8995244246431696], "std": [0.1]}, "noise": 0.01}, "x1": {"range": [0, 1], "params": {"mean": [0.06118698924808912], "std": [0.1]}, "noise": 0.01}}