{"x0": {"range": [0, 1], "params": {"mean": [0.8993501793048037], "std": [0.1]}, "noise": 0.01}, "x1": {"range": [0, 1], "params": {"mean": [0.03811861349089677], "std": [0.1]}, "noise": 0.01}}