{"x0": {"range": [0, 1], "params": {"mean": [0.9415547690081337], "std": [0.1]}, "noise": 0.01}, "x1": {"range": [0, 1], "params": {"mean": [0.03312060010510413], "std": [0.1]}, "noise": 0.01}}