{"x0": {"range": [0, 1], "params": {"mean": [0.891254258023449], "std": [0.1]}, "noise": 0.01}, "x1": {"range": [0, 1], "params": {"mean": [0.08911367263803517], "std": [0.1]}, "noise": 0.01}}