{"x0": {"range": [0, 1], "params": {"mean": [0.8724830115619762], "std": [0.1]}, "noise": 0.01}, "x1": {"range": [0, 1], "params": {"mean": [0.04720485292836405], "std": [0.1]}, "noise": 0.01}}