{"x0": {"range": [0, 1], "params": {"mean": [0.8244446584751116], "std": [0.1]}, "noise": 0.01}, "x1": {"range": [0, 1], "params": {"mean": [0.03427914158734992], "std": [0.1]}, "noise": 0.01}}