{"x0": {"range": [0, 1], "params": {"mean": [0.9018280974591009], "std": [0.1]}, "noise": 0.01}, "x1": {"range": [0, 1], "params": {"mean": [0.03905843200824222], "std": [0.1]}, "noise": 0.01}}