{"x0": {"range": [0, 1], "params": {"mean": [0.3157301794149493], "std": [0.01]}, "noise": 0.01}, "x1": {"range": [0, 1], "params": {"mean": [0.14319327638510604], "std": [0.01]}, "noise": 0.01}, "x2": {"range": [0, 1], "params": {"mean": [0.4180451323701201], "std": [0.01]}, "noise": 0.01}, "x3": {"range": [0, 1], "params": {"mean": [0.32007511366299], "std": [0.01]}, "noise": 0.01}, "x4": {"range": [0, 1], "params": {"mean": [0.2448770543712712], "std": [0.01]}, "noise": 0.01}, "x5": {"range": [0, 1], "params": {"mean": [0.7889226447751605], "std": [0.01]}, "noise": 0.01}}