{"x0": {"range": [0, 1], "params": {"mean": [0.19899046322127995], "std": [0.2]}, "noise": 0.01}, "x1": {"range": [0, 1], "params": {"mean": [0.13967198457195712], "std": [0.2]}, "noise": 0.01}, "x2": {"range": [0, 1], "params": {"mean": [0.5665616842824808], "std": [0.2]}, "noise": 0.01}, "x3": {"range": [0, 1], "params": {"mean": [0.23375696621151112], "std": [0.2]}, "noise": 0.01}, "x4": {"range": [0, 1], "params": {"mean": [0.2155622537793876], "std": [0.2]}, "noise": 0.01}, "x5": {"range": [0, 1], "params": {"mean": [0.594920330848239], "std": [0.2]}, "noise": 0.01}}