{"x0": {"range": [0, 1], "params": {"mean": [0.8976261154940978], "std": [0.2]}, "noise": 0.01}, "x1": {"range": [0, 1], "params": {"mean": [0.024175478452162537], "std": [0.2]}, "noise": 0.01}}