{"x0": {"range": [0, 1], "params": {"mean": [0.8900666642658668], "std": [0.2]}, "noise": 0.01}, "x1": {"range": [0, 1], "params": {"mean": [0.016968519335933293], "std": [0.2]}, "noise": 0.01}}