{"x0": {"range": [0, 1], "params": {"mean": [0.8967449652734822], "std": [0.2]}, "noise": 0.01}, "x1": {"range": [0, 1], "params": {"mean": [0.02908614395476073], "std": [0.2]}, "noise": 0.01}}