{"x0": {"range": [0, 1], "params": {"mean": [0.8923511641284161], "std": [0.2]}, "noise": 0.01}, "x1": {"range": [0, 1], "params": {"mean": [0.026764443333578414], "std": [0.2]}, "noise": 0.01}}