{"x0": {"range": [0, 1], "params": {"mean": [0.8876911870585521], "std": [0.2]}, "noise": 0.01}, "x1": {"range": [0, 1], "params": {"mean": [0.030228518274608332], "std": [0.2]}, "noise": 0.01}}