{"x0": {"range": [0, 1], "params": {"mean": [0.8924130234759472], "std": [0.2]}, "noise": 0.01}, "x1": {"range": [0, 1], "params": {"mean": [0.042282159831759765], "std": [0.2]}, "noise": 0.01}}