{"x0": {"range": [0, 1], "params": {"mean": [0.8806748508553592], "std": [0.2]}, "noise": 0.01}, "x1": {"range": [0, 1], "params": {"mean": [0.02209403885980711], "std": [0.2]}, "noise": 0.01}}