{"x0": {"range": [0, 1], "params": {"mean": [0.896872449872181], "std": [0.2]}, "noise": 0.01}, "x1": {"range": [0, 1], "params": {"mean": [0.04106259205604616], "std": [0.2]}, "noise": 0.01}}