{"x0": {"range": [0, 1], "params": {"mean": [0.9093254748077705], "std": [0.2]}, "noise": 0.01}, "x1": {"range": [0, 1], "params": {"mean": [0.036720443937188346], "std": [0.2]}, "noise": 0.01}}