{"x0": {"range": [0, 1], "params": {"mean": [0.8792511193698295], "std": [0.2]}, "noise": 0.01}, "x1": {"range": [0, 1], "params": {"mean": [0.026762413624333483], "std": [0.2]}, "noise": 0.01}}