{"x0": {"range": [0, 1], "params": {"mean": [0.8975886166355398], "std": [0.2]}, "noise": 0.01}, "x1": {"range": [0, 1], "params": {"mean": [0.019922779768490034], "std": [0.2]}, "noise": 0.01}}