{"x0": {"range": [0, 1], "params": {"mean": [0.8905123525542935], "std": [0.2]}, "noise": 0.01}, "x1": {"range": [0, 1], "params": {"mean": [0.01740702904265347], "std": [0.2]}, "noise": 0.01}}