{"x0": {"range": [0, 1], "params": {"mean": [0.8889171288874249], "std": [0.2]}, "noise": 0.01}, "x1": {"range": [0, 1], "params": {"mean": [0.031124619743042172], "std": [0.2]}, "noise": 0.01}}