{"x0": {"range": [0, 1], "params": {"mean": [0.892579371190366], "std": [0.2]}, "noise": 0.01}, "x1": {"range": [0, 1], "params": {"mean": [0.019819656297580562], "std": [0.2]}, "noise": 0.01}}