{"x0": {"range": [0, 1], "params": {"mean": [0.8941477548113238], "std": [0.2]}, "noise": 0.01}, "x1": {"range": [0, 1], "params": {"mean": [0.029344088435761664], "std": [0.2]}, "noise": 0.01}}