{"x0": {"range": [0, 1], "params": {"mean": [0.8963064739096542], "std": [0.2]}, "noise": 0.01}, "x1": {"range": [0, 1], "params": {"mean": [0.04510415631140424], "std": [0.2]}, "noise": 0.01}}