{"x0": {"range": [0, 1], "params": {"mean": [0.8972465510793531], "std": [0.2]}, "noise": 0.01}, "x1": {"range": [0, 1], "params": {"mean": [0.038992422007511435], "std": [0.2]}, "noise": 0.01}}