{"x0": {"range": [0, 1], "params": {"mean": [0.9011580324105882], "std": [0.2]}, "noise": 0.01}, "x1": {"range": [0, 1], "params": {"mean": [0.021465372295062936], "std": [0.2]}, "noise": 0.01}}