{"x0": {"range": [0, 1], "params": {"mean": [0.892053634700892], "std": [0.2]}, "noise": 0.01}, "x1": {"range": [0, 1], "params": {"mean": [0.04258776064689667], "std": [0.2]}, "noise": 0.01}}