{"x0": {"range": [0, 1], "params": {"mean": [0.8731323561506426], "std": [0.01]}, "noise": 0.01}, "x1": {"range": [0, 1], "params": {"mean": [0.011822086820143688], "std": [0.01]}, "noise": 0.01}}