{"x0": {"range": [0, 1], "params": {"mean": [0.8565815623161789], "std": [0.01]}, "noise": 0.01}, "x1": {"range": [0, 1], "params": {"mean": [0.03389321612782643], "std": [0.01]}, "noise": 0.01}}