{"x0": {"range": [0, 1], "params": {"mean": [0.9492411150889846], "std": [0.01]}, "noise": 0.01}, "x1": {"range": [0, 1], "params": {"mean": [0.01926055932297581], "std": [0.01]}, "noise": 0.01}}