{"x0": {"range": [0, 1], "params": {"mean": [0.8986947044396794], "std": [0.01]}, "noise": 0.01}, "x1": {"range": [0, 1], "params": {"mean": [0.025214339600383738], "std": [0.01]}, "noise": 0.01}}