{"x0": {"range": [0, 1], "params": {"mean": [0.8232426123726854], "std": [0.01]}, "noise": 0.01}, "x1": {"range": [0, 1], "params": {"mean": [0.04779683025090756], "std": [0.01]}, "noise": 0.01}}