{"x0": {"range": [0, 1], "params": {"mean": [0.8604730090369423], "std": [0.01]}, "noise": 0.01}, "x1": {"range": [0, 1], "params": {"mean": [0.11343065393625505], "std": [0.01]}, "noise": 0.01}}