{"x0": {"range": [0, 1], "params": {"mean": [0.8143462883925104], "std": [0.01]}, "noise": 0.01}, "x1": {"range": [0, 1], "params": {"mean": [0.0019444149850434585], "std": [0.01]}, "noise": 0.01}}