{"x0": {"range": [0, 1], "params": {"mean": [0.8606005996573958], "std": [0.01]}, "noise": 0.01}, "x1": {"range": [0, 1], "params": {"mean": [0.009836770544187731], "std": [0.01]}, "noise": 0.01}}