{"x0": {"range": [0, 1], "params": {"mean": [0.8907501443009396], "std": [0.01]}, "noise": 0.01}, "x1": {"range": [0, 1], "params": {"mean": [0.09487614586044035], "std": [0.01]}, "noise": 0.01}}