{"x0": {"range": [0, 1], "params": {"mean": [0.995938438434718], "std": [0.01]}, "noise": 0.01}, "x1": {"range": [0, 1], "params": {"mean": [0.004605923423231857], "std": [0.01]}, "noise": 0.01}}