{"x0": {"range": [0, 1], "params": {"mean": [0.865241060007694], "std": [0.01]}, "noise": 0.01}, "x1": {"range": [0, 1], "params": {"mean": [0.0777427064274509], "std": [0.01]}, "noise": 0.01}}