{"x0": {"range": [0, 1], "params": {"mean": [0.915993717453168], "std": [0.01]}, "noise": 0.01}, "x1": {"range": [0, 1], "params": {"mean": [0.08724849530041018], "std": [0.01]}, "noise": 0.01}}