{"x0": {"range": [0, 1], "params": {"mean": [0.894480302614534], "std": [0.01]}, "noise": 0.01}, "x1": {"range": [0, 1], "params": {"mean": [0.03362983763171752], "std": [0.01]}, "noise": 0.01}}