{"x0": {"range": [0, 1], "params": {"mean": [0.9288642434003875], "std": [0.01]}, "noise": 0.01}, "x1": {"range": [0, 1], "params": {"mean": [0.06395748103874443], "std": [0.01]}, "noise": 0.01}}