{"x0": {"range": [0, 1], "params": {"mean": [0.8478787555321168], "std": [0.01]}, "noise": 0.01}, "x1": {"range": [0, 1], "params": {"mean": [0.02023839561900614], "std": [0.01]}, "noise": 0.01}}