{"x0": {"range": [0, 1], "params": {"mean": [0.9770492286451667], "std": [0.01]}, "noise": 0.01}, "x1": {"range": [0, 1], "params": {"mean": [0.022308641109753592], "std": [0.01]}, "noise": 0.01}}