{"x0": {"range": [0, 1], "params": {"mean": [0.8769834451943638], "std": [0.01]}, "noise": 0.01}, "x1": {"range": [0, 1], "params": {"mean": [0.025847567103284994], "std": [0.01]}, "noise": 0.01}}