{"x0": {"range": [0, 1], "params": {"mean": [0.9197805738970711], "std": [0.01]}, "noise": 0.01}, "x1": {"range": [0, 1], "params": {"mean": [0.07020907638068874], "std": [0.01]}, "noise": 0.01}}