{"x0": {"range": [0, 1], "params": {"mean": [0.959452026671427], "std": [0.01]}, "noise": 0.01}, "x1": {"range": [0, 1], "params": {"mean": [0.07153912443485295], "std": [0.01]}, "noise": 0.01}}