{"x0": {"range": [-5, 10], "params": {"mean": [3.2853794985933655], "std": [0.15]}, "noise": 0.15}, "x1": {"range": [0, 15], "params": {"mean": [1.08520971097897], "std": [0.15]}, "noise": 0.15}}