{"x0": {"range": [-5, 10], "params": {"mean": [3.8083504344813828], "std": [0.15]}, "noise": 0.15}, "x1": {"range": [0, 15], "params": {"mean": [0.2443360599365514], "std": [0.15]}, "noise": 0.15}}