{"x0": {"range": [-5, 10], "params": {"mean": [2.992302462787031], "std": [0.15]}, "noise": 0.15}, "x1": {"range": [0, 15], "params": {"mean": [2.799063757471912], "std": [0.15]}, "noise": 0.15}}