{"x0": {"range": [-5, 10], "params": {"mean": [1.8880062469164711], "std": [0.15]}, "noise": 0.15}, "x1": {"range": [0, 15], "params": {"mean": [3.104379050715185], "std": [0.15]}, "noise": 0.15}}