{"x0": {"range": [-5, 10], "params": {"mean": [5.423421628852839], "std": [0.15]}, "noise": 0.15}, "x1": {"range": [0, 15], "params": {"mean": [2.9975176203588436], "std": [0.15]}, "noise": 0.15}}