{"x0": {"range": [-5, 10], "params": {"mean": [1.7453195047542154], "std": [0.15]}, "noise": 0.15}, "x1": {"range": [0, 15], "params": {"mean": [1.7121349628490168], "std": [0.15]}, "noise": 0.15}}