{"x0": {"range": [-5, 10], "params": {"mean": [3.0001209372701076], "std": [0.15]}, "noise": 0.15}, "x1": {"range": [0, 15], "params": {"mean": [0.08366799976624195], "std": [0.15]}, "noise": 0.15}}