{"x0": {"range": [-5, 10], "params": {"mean": [2.7775506761017543], "std": [0.15]}, "noise": 0.15}, "x1": {"range": [0, 15], "params": {"mean": [1.3517270578877056], "std": [0.15]}, "noise": 0.15}}