{"x0": {"range": [-5, 10], "params": {"mean": [4.47735055813882], "std": [0.15]}, "noise": 0.15}, "x1": {"range": [0, 15], "params": {"mean": [2.264181863699131], "std": [0.15]}, "noise": 0.15}}