{"x0": {"range": [-5, 10], "params": {"mean": [2.7143927669203314], "std": [0.15]}, "noise": 0.15}, "x1": {"range": [0, 15], "params": {"mean": [2.72302777587659], "std": [0.15]}, "noise": 0.15}}