{"x0": {"range": [-5, 10], "params": {"mean": [3.7217682155466516], "std": [0.15]}, "noise": 0.15}, "x1": {"range": [0, 15], "params": {"mean": [1.0793008338737153], "std": [0.15]}, "noise": 0.15}}