{"x0": {"range": [-5, 10], "params": {"mean": [2.052443867580724], "std": [0.15]}, "noise": 0.15}, "x1": {"range": [0, 15], "params": {"mean": [0.12089392063369964], "std": [0.15]}, "noise": 0.15}}