{"x0": {"range": [-5, 10], "params": {"mean": [4.203226151899566], "std": [0.15]}, "noise": 0.15}, "x1": {"range": [0, 15], "params": {"mean": [0.6828382660501056], "std": [0.15]}, "noise": 0.15}}