{"x0": {"range": [-5, 10], "params": {"mean": [3.006641888629048], "std": [0.15]}, "noise": 0.15}, "x1": {"range": [0, 15], "params": {"mean": [1.8338660744374709], "std": [0.15]}, "noise": 0.15}}