{"x0": {"range": [-5, 10], "params": {"mean": [2.675099401052768], "std": [0.15]}, "noise": 0.15}, "x1": {"range": [0, 15], "params": {"mean": [1.0181429901516441], "std": [0.15]}, "noise": 0.15}}