{"x0": {"range": [-5, 10], "params": {"mean": [4.064354334463166], "std": [0.15]}, "noise": 0.15}, "x1": {"range": [0, 15], "params": {"mean": [4.812235637211685], "std": [0.15]}, "noise": 0.15}}