{"x0": {"range": [-5, 10], "params": {"mean": [1.9489543161656357], "std": [0.15]}, "noise": 0.15}, "x1": {"range": [0, 15], "params": {"mean": [1.0459263882058853], "std": [0.15]}, "noise": 0.15}}