{"x0": {"range": [-5, 10], "params": {"mean": [3.968535036709466], "std": [0.15]}, "noise": 0.15}, "x1": {"range": [0, 15], "params": {"mean": [1.018098834754959], "std": [0.15]}, "noise": 0.15}}