{"x0": {"range": [-5, 10], "params": {"mean": [4.041862921903928], "std": [0.15]}, "noise": 0.15}, "x1": {"range": [0, 15], "params": {"mean": [1.3001480985292866], "std": [0.15]}, "noise": 0.15}}