{"x0": {"range": [-5, 10], "params": {"mean": [4.408524204424428], "std": [0.15]}, "noise": 0.15}, "x1": {"range": [0, 15], "params": {"mean": [3.6337719969479627], "std": [0.15]}, "noise": 0.15}}