{"x0": {"range": [-5, 10], "params": {"mean": [3.15984577003845], "std": [1.5]}, "noise": 0.15}, "x1": {"range": [0, 15], "params": {"mean": [2.4092032541205524], "std": [1.5]}, "noise": 0.15}}