{"x0": {"range": [-5, 10], "params": {"mean": [3.1743390855465443], "std": [1.5]}, "noise": 0.15}, "x1": {"range": [0, 15], "params": {"mean": [2.0699752805764167], "std": [1.5]}, "noise": 0.15}}