{"x0": {"range": [-5, 10], "params": {"mean": [3.3889667993712376], "std": [1.5]}, "noise": 0.15}, "x1": {"range": [0, 15], "params": {"mean": [2.4264856298323414], "std": [1.5]}, "noise": 0.15}}