{"x0": {"range": [-5, 10], "params": {"mean": [3.028814537298075], "std": [1.5]}, "noise": 0.15}, "x1": {"range": [0, 15], "params": {"mean": [2.0479586085298114], "std": [1.5]}, "noise": 0.15}}