{"x0": {"range": [-5, 10], "params": {"mean": [3.254178971091457], "std": [1.5]}, "noise": 0.15}, "x1": {"range": [0, 15], "params": {"mean": [2.3951271749554097], "std": [1.5]}, "noise": 0.15}}