{"x0": {"range": [-5, 10], "params": {"mean": [3.119615983664447], "std": [1.5]}, "noise": 0.15}, "x1": {"range": [0, 15], "params": {"mean": [2.3827370266049366], "std": [1.5]}, "noise": 0.15}}