{"x0": {"range": [-5, 10], "params": {"mean": [3.1536502127413795], "std": [1.5]}, "noise": 0.15}, "x1": {"range": [0, 15], "params": {"mean": [2.277023744751267], "std": [1.5]}, "noise": 0.15}}