{"x0": {"range": [-5, 10], "params": {"mean": [2.896025793286203], "std": [1.5]}, "noise": 0.15}, "x1": {"range": [0, 15], "params": {"mean": [2.575977160675282], "std": [1.5]}, "noise": 0.15}}