{"x0": {"range": [-5, 10], "params": {"mean": [3.2415775728791596], "std": [1.5]}, "noise": 0.15}, "x1": {"range": [0, 15], "params": {"mean": [2.248112620865273], "std": [1.5]}, "noise": 0.15}}