{"x0": {"range": [-5, 10], "params": {"mean": [3.131368494438484], "std": [1.5]}, "noise": 0.15}, "x1": {"range": [0, 15], "params": {"mean": [2.2983139126548005], "std": [1.5]}, "noise": 0.15}}