{"x0": {"range": [-5, 10], "params": {"mean": [2.9916581456878237], "std": [1.5]}, "noise": 0.15}, "x1": {"range": [0, 15], "params": {"mean": [2.057905263842522], "std": [1.5]}, "noise": 0.15}}