{"x0": {"range": [-5, 10], "params": {"mean": [3.1923338770089162], "std": [1.5]}, "noise": 0.15}, "x1": {"range": [0, 15], "params": {"mean": [2.29448864520821], "std": [1.5]}, "noise": 0.15}}