{"x0": {"range": [-5, 10], "params": {"mean": [2.970794414170806], "std": [1.5]}, "noise": 0.15}, "x1": {"range": [0, 15], "params": {"mean": [2.2574434335703395], "std": [1.5]}, "noise": 0.15}}