{"x0": {"range": [-5, 10], "params": {"mean": [3.096496436462093], "std": [1.5]}, "noise": 0.15}, "x1": {"range": [0, 15], "params": {"mean": [2.0222343264024945], "std": [1.5]}, "noise": 0.15}}