{"x0": {"range": [-5, 10], "params": {"mean": [2.834486112239317], "std": [1.5]}, "noise": 0.15}, "x1": {"range": [0, 15], "params": {"mean": [2.39895212664016], "std": [1.5]}, "noise": 0.15}}