{"x0": {"range": [-5, 10], "params": {"mean": [3.097586495937424], "std": [1.5]}, "noise": 0.15}, "x1": {"range": [0, 15], "params": {"mean": [2.2143553995340564], "std": [1.5]}, "noise": 0.15}}