{"x0": {"range": [-5, 10], "params": {"mean": [2.8390711892775315], "std": [1.5]}, "noise": 0.15}, "x1": {"range": [0, 15], "params": {"mean": [2.3234330470868847], "std": [1.5]}, "noise": 0.15}}