{"x0": {"range": [-5, 10], "params": {"mean": [3.2431588619546377], "std": [1.5]}, "noise": 0.15}, "x1": {"range": [0, 15], "params": {"mean": [2.6049668437684397], "std": [1.5]}, "noise": 0.15}}