{"x0": {"range": [-5, 10], "params": {"mean": [3.0831163438366675], "std": [1.5]}, "noise": 0.15}, "x1": {"range": [0, 15], "params": {"mean": [2.0217401769927585], "std": [1.5]}, "noise": 0.15}}