{"x0": {"range": [-5, 10], "params": {"mean": [3.28776667807677], "std": [1.5]}, "noise": 0.15}, "x1": {"range": [0, 15], "params": {"mean": [2.39876747215971], "std": [1.5]}, "noise": 0.15}}