{"x0": {"range": [0, 1], "params": {"mean": [0.8992218628378761], "std": [0.02]}, "noise": 0.01}, "x1": {"range": [0, 1], "params": {"mean": [0.06339795680784763], "std": [0.02]}, "noise": 0.01}}