{"x0": {"range": [0, 1], "params": {"mean": [0.8830307500715627], "std": [0.02]}, "noise": 0.01}, "x1": {"range": [0, 1], "params": {"mean": [0.03316740724759719], "std": [0.02]}, "noise": 0.01}}