{"x0": {"range": [0, 1], "params": {"mean": [0.8960812083019912], "std": [0.02]}, "noise": 0.01}, "x1": {"range": [0, 1], "params": {"mean": [0.0391652235246995], "std": [0.02]}, "noise": 0.01}}