{"x0": {"range": [0, 1], "params": {"mean": [0.8956261390951785], "std": [0.02]}, "noise": 0.01}, "x1": {"range": [0, 1], "params": {"mean": [0.028279185122066938], "std": [0.02]}, "noise": 0.01}}