{"x0": {"range": [0, 1], "params": {"mean": [0.8976575941268912], "std": [0.02]}, "noise": 0.01}, "x1": {"range": [0, 1], "params": {"mean": [0.05547219724977064], "std": [0.02]}, "noise": 0.01}}