{"x0": {"range": [0, 1], "params": {"mean": [0.8749484391430289], "std": [0.02]}, "noise": 0.01}, "x1": {"range": [0, 1], "params": {"mean": [0.053217301654237284], "std": [0.02]}, "noise": 0.01}}