{"x0": {"range": [0, 1], "params": {"mean": [0.8952019462626722], "std": [0.02]}, "noise": 0.01}, "x1": {"range": [0, 1], "params": {"mean": [0.014803490589581043], "std": [0.02]}, "noise": 0.01}}