{"x0": {"range": [0, 1], "params": {"mean": [0.8947072664579211], "std": [0.02]}, "noise": 0.01}, "x1": {"range": [0, 1], "params": {"mean": [0.03297164461263602], "std": [0.02]}, "noise": 0.01}}