{"x0": {"range": [0, 1], "params": {"mean": [0.8791219376108742], "std": [0.02]}, "noise": 0.01}, "x1": {"range": [0, 1], "params": {"mean": [0.03603931758819365], "std": [0.02]}, "noise": 0.01}}