{"x0": {"range": [0, 1], "params": {"mean": [0.8956832870955027], "std": [0.02]}, "noise": 0.01}, "x1": {"range": [0, 1], "params": {"mean": [0.03566918735881464], "std": [0.02]}, "noise": 0.01}}