{"x0": {"range": [0, 1], "params": {"mean": [0.9013835191146792], "std": [0.02]}, "noise": 0.01}, "x1": {"range": [0, 1], "params": {"mean": [0.021651115710843362], "std": [0.02]}, "noise": 0.01}}