{"x0": {"range": [0, 1], "params": {"mean": [0.8773529975455485], "std": [0.02]}, "noise": 0.01}, "x1": {"range": [0, 1], "params": {"mean": [0.03351726327337643], "std": [0.02]}, "noise": 0.01}}