{"x0": {"range": [0, 1], "params": {"mean": [0.8938813104337663], "std": [0.02]}, "noise": 0.01}, "x1": {"range": [0, 1], "params": {"mean": [0.033649735853566086], "std": [0.02]}, "noise": 0.01}}