{"x0": {"range": [0, 1], "params": {"mean": [0.8866119617978941], "std": [0.02]}, "noise": 0.01}, "x1": {"range": [0, 1], "params": {"mean": [0.025984622637908884], "std": [0.02]}, "noise": 0.01}}