{"x0": {"range": [0, 1], "params": {"mean": [0.8903467360802182], "std": [0.02]}, "noise": 0.01}, "x1": {"range": [0, 1], "params": {"mean": [0.029899882628017713], "std": [0.02]}, "noise": 0.01}}