{"x0": {"range": [0, 1], "params": {"mean": [0.8970520761780361], "std": [0.02]}, "noise": 0.01}, "x1": {"range": [0, 1], "params": {"mean": [0.04981831782567242], "std": [0.02]}, "noise": 0.01}}