{"x0": {"range": [0, 1], "params": {"mean": [0.8896731654161866], "std": [0.02]}, "noise": 0.01}, "x1": {"range": [0, 1], "params": {"mean": [0.026721313745964557], "std": [0.02]}, "noise": 0.01}}