{"x0": {"range": [0, 1], "params": {"mean": [0.9036942223313812], "std": [0.02]}, "noise": 0.01}, "x1": {"range": [0, 1], "params": {"mean": [0.043879208534199896], "std": [0.02]}, "noise": 0.01}}