{"x0": {"range": [0, 1], "params": {"mean": [0.9012192114668919], "std": [0.02]}, "noise": 0.01}, "x1": {"range": [0, 1], "params": {"mean": [0.03821557040403587], "std": [0.02]}, "noise": 0.01}}