{"x0": {"range": [0, 1], "params": {"mean": [0.9851118688979922], "std": [0.1]}, "noise": 0.01}, "x1": {"range": [0, 1], "params": {"mean": [0.03772430618762543], "std": [0.1]}, "noise": 0.01}, "x2": {"range": [0, 1], "params": {"mean": [0.7324929007245978], "std": [0.1]}, "noise": 0.01}, "x3": {"range": [0, 1], "params": {"mean": [0.7359031966849005], "std": [0.1]}, "noise": 0.01}, "x4": {"range": [0, 1], "params": {"mean": [8.570274552420899e-05], "std": [0.1]}, "noise": 0.01}, "x5": {"range": [0, 1], "params": {"mean": [0.8636658936030439], "std": [0.1]}, "noise": 0.01}}