{"x0": {"range": [0, 1], "params": {"mean": [0.02379445034608763], "std": [0.05]}, "noise": 0.01}, "x1": {"range": [0, 1], "params": {"mean": [0.9949208055022895], "std": [0.05]}, "noise": 0.01}, "x2": {"range": [0, 1], "params": {"mean": [0.647244700266146], "std": [0.05]}, "noise": 0.01}, "x3": {"range": [0, 1], "params": {"mean": [0.388351965694667], "std": [0.05]}, "noise": 0.01}, "x4": {"range": [0, 1], "params": {"mean": [0.996767615180396], "std": [0.05]}, "noise": 0.01}, "x5": {"range": [0, 1], "params": {"mean": [0.02009175403397299], "std": [0.05]}, "noise": 0.01}, "x6": {"range": [0, 1], "params": {"mean": [0.005864173627332707], "std": [0.05]}, "noise": 0.01}, "x7": {"range": [0, 1], "params": {"mean": [0.41797442844751037], "std": [0.05]}, "noise": 0.01}}