{"x0": {"range": [0, 1], "params": {"mean": [0.005729248786684801], "std": [0.05]}, "noise": 0.01}, "x1": {"range": [0, 1], "params": {"mean": [0.9864284087373827], "std": [0.05]}, "noise": 0.01}, "x2": {"range": [0, 1], "params": {"mean": [0.6357617276422168], "std": [0.05]}, "noise": 0.01}, "x3": {"range": [0, 1], "params": {"mean": [0.40695448869508466], "std": [0.05]}, "noise": 0.01}, "x4": {"range": [0, 1], "params": {"mean": [0.9540666054154976], "std": [0.05]}, "noise": 0.01}, "x5": {"range": [0, 1], "params": {"mean": [0.004085178977272462], "std": [0.05]}, "noise": 0.01}, "x6": {"range": [0, 1], "params": {"mean": [0.00662358859806153], "std": [0.05]}, "noise": 0.01}, "x7": {"range": [0, 1], "params": {"mean": [0.4362406206820497], "std": [0.05]}, "noise": 0.01}}