{"x0": {"range": [0, 1], "params": {"mean": [0.7674478283601162], "std": [0.01]}, "noise": 0.01}, "x1": {"range": [0, 1], "params": {"mean": [0.2518677910178904], "std": [0.01]}, "noise": 0.01}}