{"x0": {"range": [0, 1], "params": {"mean": [0.6291321379959901], "std": [0.01]}, "noise": 0.01}, "x1": {"range": [0, 1], "params": {"mean": [0.1180553804246899], "std": [0.01]}, "noise": 0.01}}