{"x0": {"range": [0, 1], "params": {"mean": [0.8049173748336932], "std": [0.01]}, "noise": 0.01}, "x1": {"range": [0, 1], "params": {"mean": [0.2901706052843081], "std": [0.01]}, "noise": 0.01}}