{"x0": {"range": [0, 1], "params": {"mean": [0.9709072506018006], "std": [0.01]}, "noise": 0.01}, "x1": {"range": [0, 1], "params": {"mean": [0.10004003087241714], "std": [0.01]}, "noise": 0.01}}