{"x0": {"range": [0, 1], "params": {"mean": [0.9561108337430938], "std": [0.01]}, "noise": 0.01}, "x1": {"range": [0, 1], "params": {"mean": [0.1294270374816984], "std": [0.01]}, "noise": 0.01}}