{"x0": {"range": [0, 1], "params": {"mean": [0.9987572654934461], "std": [0.01]}, "noise": 0.01}, "x1": {"range": [0, 1], "params": {"mean": [0.13081281793316324], "std": [0.01]}, "noise": 0.01}}