{"x0": {"range": [0, 1], "params": {"mean": [0.8164151890783051], "std": [0.01]}, "noise": 0.01}, "x1": {"range": [0, 1], "params": {"mean": [0.01599087892360039], "std": [0.01]}, "noise": 0.01}}