{"x0": {"range": [0, 1], "params": {"mean": [0.9523266083119895], "std": [0.01]}, "noise": 0.01}, "x1": {"range": [0, 1], "params": {"mean": [0.1812079972463454], "std": [0.01]}, "noise": 0.01}}