{"x0": {"range": [0, 1], "params": {"mean": [0.79528438889698], "std": [0.01]}, "noise": 0.01}, "x1": {"range": [0, 1], "params": {"mean": [0.116819650793642], "std": [0.01]}, "noise": 0.01}}