{"x0": {"range": [0, 1], "params": {"mean": [0.8578347925921079], "std": [0.01]}, "noise": 0.01}, "x1": {"range": [0, 1], "params": {"mean": [0.23335384666138775], "std": [0.01]}, "noise": 0.01}}