{"x0": {"range": [0, 1], "params": {"mean": [0.5929300407720594], "std": [0.01]}, "noise": 0.01}, "x1": {"range": [0, 1], "params": {"mean": [0.22373368978653657], "std": [0.01]}, "noise": 0.01}}