{"x0": {"range": [0, 1], "params": {"mean": [0.7972927646108506], "std": [0.01]}, "noise": 0.01}, "x1": {"range": [0, 1], "params": {"mean": [0.23807867785150144], "std": [0.01]}, "noise": 0.01}}