{"x0": {"range": [0, 1], "params": {"mean": [0.9935112613533346], "std": [0.01]}, "noise": 0.01}, "x1": {"range": [0, 1], "params": {"mean": [0.26043665371797015], "std": [0.01]}, "noise": 0.01}}