{"x0": {"range": [0, 1], "params": {"mean": [0.5693322466897321], "std": [0.01]}, "noise": 0.01}, "x1": {"range": [0, 1], "params": {"mean": [0.24228740827502332], "std": [0.01]}, "noise": 0.01}}