{"x0": {"range": [0, 1], "params": {"mean": [0.6827797073619865], "std": [0.01]}, "noise": 0.01}, "x1": {"range": [0, 1], "params": {"mean": [0.04114570624258471], "std": [0.01]}, "noise": 0.01}}