{"x0": {"range": [0, 1], "params": {"mean": [0.8112400267965592], "std": [0.01]}, "noise": 0.01}, "x1": {"range": [0, 1], "params": {"mean": [0.15627939069840902], "std": [0.01]}, "noise": 0.01}}