{"x0": {"range": [0, 1], "params": {"mean": [0.9159666827737774], "std": [0.01]}, "noise": 0.01}, "x1": {"range": [0, 1], "params": {"mean": [0.07669621700506458], "std": [0.01]}, "noise": 0.01}}