{"x0": {"range": [0, 1], "params": {"mean": [0.7616323244970555], "std": [0.01]}, "noise": 0.01}, "x1": {"range": [0, 1], "params": {"mean": [0.04874182100236746], "std": [0.01]}, "noise": 0.01}}