{"x0": {"range": [0, 1], "params": {"mean": [0.6477195945302416], "std": [0.01]}, "noise": 0.01}, "x1": {"range": [0, 1], "params": {"mean": [0.21970071905243121], "std": [0.01]}, "noise": 0.01}}