{"x0": {"range": [0, 1], "params": {"mean": [0.5955767297025433], "std": [0.01]}, "noise": 0.01}, "x1": {"range": [0, 1], "params": {"mean": [0.23331907808180918], "std": [0.01]}, "noise": 0.01}}