{"x0": {"range": [0, 1], "params": {"mean": [0.9578775990360298], "std": [0.25]}, "noise": 0.1}, "x1": {"range": [0, 1], "params": {"mean": [0.07212521076173875], "std": [0.25]}, "noise": 0.1}, "x2": {"range": [0, 1], "params": {"mean": [0.7121815606505018], "std": [0.25]}, "noise": 0.1}, "x3": {"range": [0, 1], "params": {"mean": [0.7476536839893111], "std": [0.25]}, "noise": 0.1}, "x4": {"range": [0, 1], "params": {"mean": [0.05593626232727161], "std": [0.25]}, "noise": 0.1}, "x5": {"range": [0, 1], "params": {"mean": [0.9095488181599287], "std": [0.25]}, "noise": 0.1}}