{"x0": {"range": [0, 1], "params": {"mean": [0.9612870548821553], "std": [0.25]}, "noise": 0.1}, "x1": {"range": [0, 1], "params": {"mean": [0.08977831773035276], "std": [0.25]}, "noise": 0.1}, "x2": {"range": [0, 1], "params": {"mean": [0.771238897140481], "std": [0.25]}, "noise": 0.1}, "x3": {"range": [0, 1], "params": {"mean": [0.6992114107701446], "std": [0.25]}, "noise": 0.1}, "x4": {"range": [0, 1], "params": {"mean": [0.05297153331479674], "std": [0.25]}, "noise": 0.1}, "x5": {"range": [0, 1], "params": {"mean": [0.8524028363135757], "std": [0.25]}, "noise": 0.1}}