{"x0": {"range": [-5, 10], "params": {"mean": [3.2991176222449847], "std": [3.0]}, "noise": 0.15}, "x1": {"range": [0, 15], "params": {"mean": [2.3168002759017345], "std": [3.0]}, "noise": 0.15}}