{"x0": {"range": [-5, 10], "params": {"mean": [2.8643763599285186], "std": [3.0]}, "noise": 0.15}, "x1": {"range": [0, 15], "params": {"mean": [2.517088656153257], "std": [3.0]}, "noise": 0.15}}