{"x0": {"range": [-5, 10], "params": {"mean": [2.769867261328198], "std": [3.0]}, "noise": 0.15}, "x1": {"range": [0, 15], "params": {"mean": [2.6374485607403897], "std": [3.0]}, "noise": 0.15}}