{"x0": {"range": [-5, 10], "params": {"mean": [3.286985085624157], "std": [3.0]}, "noise": 0.15}, "x1": {"range": [0, 15], "params": {"mean": [1.935587845735221], "std": [3.0]}, "noise": 0.15}}