{"x0": {"range": [-5, 10], "params": {"mean": [2.7308878624966613], "std": [3.0]}, "noise": 0.15}, "x1": {"range": [0, 15], "params": {"mean": [2.4752227399200812], "std": [3.0]}, "noise": 0.15}}