{"x0": {"range": [-5, 10], "params": {"mean": [2.6611854101273846], "std": [3.0]}, "noise": 0.15}, "x1": {"range": [0, 15], "params": {"mean": [2.164079924236169], "std": [3.0]}, "noise": 0.15}}