{"x0": {"range": [-5, 10], "params": {"mean": [2.887583562551175], "std": [3.0]}, "noise": 0.15}, "x1": {"range": [0, 15], "params": {"mean": [2.3838606040027153], "std": [3.0]}, "noise": 0.15}}