{"x0": {"range": [-5, 10], "params": {"mean": [2.8330461009239487], "std": [3.0]}, "noise": 0.15}, "x1": {"range": [0, 15], "params": {"mean": [2.739655736731642], "std": [3.0]}, "noise": 0.15}}