{"x0": {"range": [-5, 10], "params": {"mean": [3.4057374072070106], "std": [3.0]}, "noise": 0.15}, "x1": {"range": [0, 15], "params": {"mean": [2.3131294464537486], "std": [3.0]}, "noise": 0.15}}