{"x0": {"range": [-5, 10], "params": {"mean": [3.2791661681296373], "std": [3.0]}, "noise": 0.15}, "x1": {"range": [0, 15], "params": {"mean": [2.381426260185847], "std": [3.0]}, "noise": 0.15}}