{"x0": {"range": [-5, 10], "params": {"mean": [3.1254762864231713], "std": [3.0]}, "noise": 0.15}, "x1": {"range": [0, 15], "params": {"mean": [2.1346593633860973], "std": [3.0]}, "noise": 0.15}}