{"x0": {"range": [-5, 10], "params": {"mean": [2.708395801990497], "std": [3.0]}, "noise": 0.15}, "x1": {"range": [0, 15], "params": {"mean": [2.3916197466218754], "std": [3.0]}, "noise": 0.15}}