{"x0": {"range": [-5, 10], "params": {"mean": [3.7693756987208342], "std": [3.0]}, "noise": 0.15}, "x1": {"range": [0, 15], "params": {"mean": [2.8081255466627875], "std": [3.0]}, "noise": 0.15}}