{"x0": {"range": [-5, 10], "params": {"mean": [3.396351520682681], "std": [3.0]}, "noise": 0.15}, "x1": {"range": [0, 15], "params": {"mean": [2.4570128665783844], "std": [3.0]}, "noise": 0.15}}