{"x0": {"range": [-5, 10], "params": {"mean": [3.401209497729026], "std": [3.0]}, "noise": 0.15}, "x1": {"range": [0, 15], "params": {"mean": [2.157118210324068], "std": [3.0]}, "noise": 0.15}}