{"x0": {"range": [-5, 10], "params": {"mean": [3.1884686348966556], "std": [3.0]}, "noise": 0.15}, "x1": {"range": [0, 15], "params": {"mean": [2.2624406931330747], "std": [3.0]}, "noise": 0.15}}