{"x0": {"range": [-5, 10], "params": {"mean": [2.542890692916876], "std": [3.0]}, "noise": 0.15}, "x1": {"range": [0, 15], "params": {"mean": [1.8716669871743212], "std": [3.0]}, "noise": 0.15}}