{"x0": {"range": [-5, 10], "params": {"mean": [2.8690575173259214], "std": [3.0]}, "noise": 0.15}, "x1": {"range": [0, 15], "params": {"mean": [2.577748893268959], "std": [3.0]}, "noise": 0.15}}