{"x0": {"range": [-5, 10], "params": {"mean": [2.6515987752094397], "std": [3.0]}, "noise": 0.15}, "x1": {"range": [0, 15], "params": {"mean": [2.192785032533908], "std": [3.0]}, "noise": 0.15}}