{"x0": {"range": [0, 1], "params": {"mean": [0.1337005316234915], "std": [0.02]}, "noise": 0.01}, "x1": {"range": [0, 1], "params": {"mean": [0.8804588540361896], "std": [0.02]}, "noise": 0.01}, "x2": {"range": [0, 1], "params": {"mean": [0.8176958340834093], "std": [0.02]}, "noise": 0.01}, "x3": {"range": [0, 1], "params": {"mean": [0.590927634041069], "std": [0.02]}, "noise": 0.01}, "x4": {"range": [0, 1], "params": {"mean": [0.6391264088027495], "std": [0.02]}, "noise": 0.01}, "x5": {"range": [0, 1], "params": {"mean": [0.15370861569352934], "std": [0.02]}, "noise": 0.01}, "x6": {"range": [0, 1], "params": {"mean": [0.31859358512249514], "std": [0.02]}, "noise": 0.01}, "x7": {"range": [0, 1], "params": {"mean": [0.11067812652115172], "std": [0.02]}, "noise": 0.01}}