{"x0": {"range": [-5, 10], "params": {"mean": [2.423584472196212], "std": [0.3]}, "noise": 0.15}, "x1": {"range": [0, 15], "params": {"mean": [0.019889408903791317], "std": [0.3]}, "noise": 0.15}}