{"x0": {"range": [-5, 10], "params": {"mean": [4.278865530226765], "std": [0.3]}, "noise": 0.15}, "x1": {"range": [0, 15], "params": {"mean": [0.3298074439139862], "std": [0.3]}, "noise": 0.15}}