{"x0": {"range": [-5, 10], "params": {"mean": [1.1908827341833705], "std": [0.3]}, "noise": 0.15}, "x1": {"range": [0, 15], "params": {"mean": [0.7480034427845978], "std": [0.3]}, "noise": 0.15}}