{"x0": {"range": [-5, 10], "params": {"mean": [2.0827834168904023], "std": [0.3]}, "noise": 0.15}, "x1": {"range": [0, 15], "params": {"mean": [2.0414374812188454], "std": [0.3]}, "noise": 0.15}}