{"x0": {"range": [-5, 10], "params": {"mean": [2.615813397690842], "std": [0.3]}, "noise": 0.15}, "x1": {"range": [0, 15], "params": {"mean": [4.093067731367828], "std": [0.3]}, "noise": 0.15}}