{"x0": {"range": [-5, 10], "params": {"mean": [7.175196423606069], "std": [0.3]}, "noise": 0.15}, "x1": {"range": [0, 15], "params": {"mean": [2.5763785304443325], "std": [0.3]}, "noise": 0.15}}