{"x0": {"range": [-5, 10], "params": {"mean": [4.545901790034811], "std": [0.3]}, "noise": 0.15}, "x1": {"range": [0, 15], "params": {"mean": [1.3545772297105798], "std": [0.3]}, "noise": 0.15}}