{"x0": {"range": [-5, 10], "params": {"mean": [3.2194568463542477], "std": [0.3]}, "noise": 0.15}, "x1": {"range": [0, 15], "params": {"mean": [0.11021276158249105], "std": [0.3]}, "noise": 0.15}}