{"x0": {"range": [-5, 10], "params": {"mean": [2.1981034389543854], "std": [0.3]}, "noise": 0.15}, "x1": {"range": [0, 15], "params": {"mean": [0.4587448292799643], "std": [0.3]}, "noise": 0.15}}