{"x0": {"range": [-5, 10], "params": {"mean": [1.6324789774044688], "std": [0.3]}, "noise": 0.15}, "x1": {"range": [0, 15], "params": {"mean": [1.4889493830120526], "std": [0.3]}, "noise": 0.15}}