{"x0": {"range": [-5, 10], "params": {"mean": [2.2574501501990385], "std": [0.3]}, "noise": 0.15}, "x1": {"range": [0, 15], "params": {"mean": [2.001395371709391], "std": [0.3]}, "noise": 0.15}}