{"x0": {"range": [-5, 10], "params": {"mean": [4.555868326771824], "std": [0.3]}, "noise": 0.15}, "x1": {"range": [0, 15], "params": {"mean": [2.0805070568711903], "std": [0.3]}, "noise": 0.15}}