{"x0": {"range": [-5, 10], "params": {"mean": [3.503887229187573], "std": [0.3]}, "noise": 0.15}, "x1": {"range": [0, 15], "params": {"mean": [1.6759167830611206], "std": [0.3]}, "noise": 0.15}}