{"x0": {"range": [-5, 10], "params": {"mean": [4.081687972890302], "std": [0.3]}, "noise": 0.15}, "x1": {"range": [0, 15], "params": {"mean": [1.6957169002756844], "std": [0.3]}, "noise": 0.15}}