{"x0": {"range": [-5, 10], "params": {"mean": [2.030448501538884], "std": [0.3]}, "noise": 0.15}, "x1": {"range": [0, 15], "params": {"mean": [3.2728881502615867], "std": [0.3]}, "noise": 0.15}}