{"x0": {"range": [-5, 10], "params": {"mean": [1.698733540909002], "std": [0.3]}, "noise": 0.15}, "x1": {"range": [0, 15], "params": {"mean": [6.70862067600436], "std": [0.3]}, "noise": 0.15}}