{"x0": {"range": [-5, 10], "params": {"mean": [2.5125247104646236], "std": [0.3]}, "noise": 0.15}, "x1": {"range": [0, 15], "params": {"mean": [3.3163189105919177], "std": [0.3]}, "noise": 0.15}}