{"x0": {"range": [-5, 10], "params": {"mean": [1.873075550707856], "std": [0.3]}, "noise": 0.15}, "x1": {"range": [0, 15], "params": {"mean": [3.8696957767298135], "std": [0.3]}, "noise": 0.15}}