{"x0": {"range": [-5, 10], "params": {"mean": [3.4362532451842167], "std": [0.3]}, "noise": 0.15}, "x1": {"range": [0, 15], "params": {"mean": [3.543677019921592], "std": [0.3]}, "noise": 0.15}}