{"x0": {"range": [0, 1], "params": {"mean": [0.007033391357775397], "std": [0.1]}, "noise": 0.01}, "x1": {"range": [0, 1], "params": {"mean": [0.9524900359829085], "std": [0.1]}, "noise": 0.01}, "x2": {"range": [0, 1], "params": {"mean": [0.6618016662360224], "std": [0.1]}, "noise": 0.01}, "x3": {"range": [0, 1], "params": {"mean": [0.5433261013838241], "std": [0.1]}, "noise": 0.01}, "x4": {"range": [0, 1], "params": {"mean": [0.978994489120484], "std": [0.1]}, "noise": 0.01}, "x5": {"range": [0, 1], "params": {"mean": [0.05566015203929025], "std": [0.1]}, "noise": 0.01}, "x6": {"range": [0, 1], "params": {"mean": [0.01713323590647568], "std": [0.1]}, "noise": 0.01}, "x7": {"range": [0, 1], "params": {"mean": [0.4536883026136372], "std": [0.1]}, "noise": 0.01}}