{"x0": {"range": [0, 1], "params": {"mean": [0.03546405741424096], "std": [0.1]}, "noise": 0.01}, "x1": {"range": [0, 1], "params": {"mean": [0.9390863833282885], "std": [0.1]}, "noise": 0.01}, "x2": {"range": [0, 1], "params": {"mean": [0.5755191336116976], "std": [0.1]}, "noise": 0.01}, "x3": {"range": [0, 1], "params": {"mean": [0.4028588552707078], "std": [0.1]}, "noise": 0.01}, "x4": {"range": [0, 1], "params": {"mean": [0.9596618534907486], "std": [0.1]}, "noise": 0.01}, "x5": {"range": [0, 1], "params": {"mean": [0.029832687284283524], "std": [0.1]}, "noise": 0.01}, "x6": {"range": [0, 1], "params": {"mean": [0.02574183758499219], "std": [0.1]}, "noise": 0.01}, "x7": {"range": [0, 1], "params": {"mean": [0.4213602963253454], "std": [0.1]}, "noise": 0.01}}