{"x0": {"range": [-5, 10], "params": {"mean": [2.8119719809186914], "std": [0.3]}, "noise": 0.15}, "x1": {"range": [0, 15], "params": {"mean": [2.598822084306384], "std": [0.3]}, "noise": 0.15}}