{"x0": {"range": [-5, 10], "params": {"mean": [3.2147505833246894], "std": [0.3]}, "noise": 0.15}, "x1": {"range": [0, 15], "params": {"mean": [2.352859893918222], "std": [0.3]}, "noise": 0.15}}