{"x0": {"range": [-5, 10], "params": {"mean": [3.068101986554497], "std": [0.3]}, "noise": 0.15}, "x1": {"range": [0, 15], "params": {"mean": [2.1451474216716315], "std": [0.3]}, "noise": 0.15}}