{"x0": {"range": [-5, 10], "params": {"mean": [3.0812999797102596], "std": [0.3]}, "noise": 0.15}, "x1": {"range": [0, 15], "params": {"mean": [2.495053603855591], "std": [0.3]}, "noise": 0.15}}