{"x0": {"range": [-5, 10], "params": {"mean": [3.558911569776546], "std": [0.3]}, "noise": 0.15}, "x1": {"range": [0, 15], "params": {"mean": [2.190406387498387], "std": [0.3]}, "noise": 0.15}}