{"x0": {"range": [-5, 10], "params": {"mean": [3.348288966341941], "std": [0.3]}, "noise": 0.15}, "x1": {"range": [0, 15], "params": {"mean": [1.8227043555595355], "std": [0.3]}, "noise": 0.15}}