{"x0": {"range": [-5, 10], "params": {"mean": [2.5548631194406437], "std": [0.3]}, "noise": 0.15}, "x1": {"range": [0, 15], "params": {"mean": [2.320463143651268], "std": [0.3]}, "noise": 0.15}}