{"x0": {"range": [-5, 10], "params": {"mean": [2.27158309108598], "std": [0.3]}, "noise": 0.15}, "x1": {"range": [0, 15], "params": {"mean": [2.7260748946038555], "std": [0.3]}, "noise": 0.15}}