{"x0": {"range": [-5, 10], "params": {"mean": [3.1952277791912396], "std": [0.3]}, "noise": 0.15}, "x1": {"range": [0, 15], "params": {"mean": [2.286879099408379], "std": [0.3]}, "noise": 0.15}}