{"x0": {"range": [-5, 10], "params": {"mean": [2.5218498694892038], "std": [0.3]}, "noise": 0.15}, "x1": {"range": [0, 15], "params": {"mean": [2.6929512947410776], "std": [0.3]}, "noise": 0.15}}