{"x0": {"range": [-5, 10], "params": {"mean": [3.353222008833207], "std": [0.3]}, "noise": 0.15}, "x1": {"range": [0, 15], "params": {"mean": [1.9240412374828657], "std": [0.3]}, "noise": 0.15}}