{"x0": {"range": [-5, 10], "params": {"mean": [2.5085097999034804], "std": [0.3]}, "noise": 0.15}, "x1": {"range": [0, 15], "params": {"mean": [1.8911139159650205], "std": [0.3]}, "noise": 0.15}}