{"x0": {"range": [-5, 10], "params": {"mean": [3.076213715756306], "std": [0.3]}, "noise": 0.15}, "x1": {"range": [0, 15], "params": {"mean": [2.4689199541171343], "std": [0.3]}, "noise": 0.15}}