{"x0": {"range": [-5, 10], "params": {"mean": [2.8615579852689716], "std": [0.3]}, "noise": 0.15}, "x1": {"range": [0, 15], "params": {"mean": [2.2433980726106366], "std": [0.3]}, "noise": 0.15}}