{"x0": {"range": [-5, 10], "params": {"mean": [3.122973219074167], "std": [0.3]}, "noise": 0.15}, "x1": {"range": [0, 15], "params": {"mean": [2.357918576733889], "std": [0.3]}, "noise": 0.15}}