{"x0": {"range": [-5, 10], "params": {"mean": [3.5148912148505858], "std": [0.3]}, "noise": 0.15}, "x1": {"range": [0, 15], "params": {"mean": [2.3801694413668284], "std": [0.3]}, "noise": 0.15}}