{"x0": {"range": [-5, 10], "params": {"mean": [4.560066522412458], "std": [3.0]}, "noise": 0.15}, "x1": {"range": [0, 15], "params": {"mean": [1.329844999981296], "std": [3.0]}, "noise": 0.15}}