{"x0": {"range": [-5, 10], "params": {"mean": [2.430663159388916], "std": [3.0]}, "noise": 0.15}, "x1": {"range": [0, 15], "params": {"mean": [2.7400175531239563], "std": [3.0]}, "noise": 0.15}}