{"x0": {"range": [-5, 10], "params": {"mean": [3.5759624859331063], "std": [3.0]}, "noise": 0.15}, "x1": {"range": [0, 15], "params": {"mean": [2.675589448291384], "std": [3.0]}, "noise": 0.15}}