{"x0": {"range": [-5, 10], "params": {"mean": [3.7388592103811114], "std": [3.0]}, "noise": 0.15}, "x1": {"range": [0, 15], "params": {"mean": [1.991813626129861], "std": [3.0]}, "noise": 0.15}}