{"x0": {"range": [-5, 10], "params": {"mean": [2.7639158320590798], "std": [3.0]}, "noise": 0.15}, "x1": {"range": [0, 15], "params": {"mean": [2.319626899382729], "std": [3.0]}, "noise": 0.15}}