{"x0": {"range": [-5, 10], "params": {"mean": [4.182317203663514], "std": [3.0]}, "noise": 0.15}, "x1": {"range": [0, 15], "params": {"mean": [2.3554348709521093], "std": [3.0]}, "noise": 0.15}}