{"x0": {"range": [-5, 10], "params": {"mean": [2.040292886736337], "std": [3.0]}, "noise": 0.15}, "x1": {"range": [0, 15], "params": {"mean": [2.2342440089466185], "std": [3.0]}, "noise": 0.15}}