{"x0": {"range": [-5, 10], "params": {"mean": [2.0251303550048565], "std": [3.0]}, "noise": 0.15}, "x1": {"range": [0, 15], "params": {"mean": [1.6162447562935685], "std": [3.0]}, "noise": 0.15}}