{"x0": {"range": [-5, 10], "params": {"mean": [4.831079814800746], "std": [3.0]}, "noise": 0.15}, "x1": {"range": [0, 15], "params": {"mean": [3.4717850674086974], "std": [3.0]}, "noise": 0.15}}