{"x0": {"range": [-5, 10], "params": {"mean": [3.0338670875313505], "std": [3.0]}, "noise": 0.15}, "x1": {"range": [0, 15], "params": {"mean": [2.3608546718716035], "std": [3.0]}, "noise": 0.15}}