{"x0": {"range": [-5, 10], "params": {"mean": [2.8001160547648825], "std": [3.0]}, "noise": 0.15}, "x1": {"range": [0, 15], "params": {"mean": [1.2704390782735206], "std": [3.0]}, "noise": 0.15}}