{"x0": {"range": [-5, 10], "params": {"mean": [4.023507785207017], "std": [3.0]}, "noise": 0.15}, "x1": {"range": [0, 15], "params": {"mean": [3.4497831762628293], "std": [3.0]}, "noise": 0.15}}