{"x0": {"range": [-5, 10], "params": {"mean": [4.4311995607689125], "std": [3.0]}, "noise": 0.15}, "x1": {"range": [0, 15], "params": {"mean": [1.8075721593139915], "std": [3.0]}, "noise": 0.15}}