{"x0": {"range": [-5, 10], "params": {"mean": [2.5544931612168056], "std": [3.0]}, "noise": 0.15}, "x1": {"range": [0, 15], "params": {"mean": [2.6388972450045656], "std": [3.0]}, "noise": 0.15}}