{"x0": {"range": [-5, 10], "params": {"mean": [1.3728472020611524], "std": [3.0]}, "noise": 0.15}, "x1": {"range": [0, 15], "params": {"mean": [2.595238865554141], "std": [3.0]}, "noise": 0.15}}