{"x0": {"range": [-5, 10], "params": {"mean": [3.8219722067021635], "std": [3.0]}, "noise": 0.15}, "x1": {"range": [0, 15], "params": {"mean": [2.311276283054328], "std": [3.0]}, "noise": 0.15}}