{"x0": {"range": [-5, 10], "params": {"mean": [3.884050567406108], "std": [3.0]}, "noise": 0.15}, "x1": {"range": [0, 15], "params": {"mean": [1.9643159388606217], "std": [3.0]}, "noise": 0.15}}