{"x0": {"range": [-5, 10], "params": {"mean": [4.125314243734972], "std": [3.0]}, "noise": 0.15}, "x1": {"range": [0, 15], "params": {"mean": [0.6713534285049474], "std": [3.0]}, "noise": 0.15}}