{"x0": {"range": [-5, 10], "params": {"mean": [3.559303197361817], "std": [3.0]}, "noise": 0.15}, "x1": {"range": [0, 15], "params": {"mean": [1.238283375819931], "std": [3.0]}, "noise": 0.15}}