{"x0": {"range": [0, 1], "params": {"mean": [0.03644142600971262], "std": [0.1]}, "noise": 0.01}, "x1": {"range": [0, 1], "params": {"mean": [0.40448605278984], "std": [0.1]}, "noise": 0.01}, "x2": {"range": [0, 1], "params": {"mean": [0.7874098925832937], "std": [0.1]}, "noise": 0.01}, "x3": {"range": [0, 1], "params": {"mean": [0.3004239278298083], "std": [0.1]}, "noise": 0.01}, "x4": {"range": [0, 1], "params": {"mean": [0.517870277926515], "std": [0.1]}, "noise": 0.01}, "x5": {"range": [0, 1], "params": {"mean": [0.49119157665201085], "std": [0.1]}, "noise": 0.01}}