{"x0": {"range": [0, 1], "params": {"mean": [0.41596811425620517], "std": [0.1]}, "noise": 0.01}, "x1": {"range": [0, 1], "params": {"mean": [0.209184610333344], "std": [0.1]}, "noise": 0.01}, "x2": {"range": [0, 1], "params": {"mean": [0.3142955538010752], "std": [0.1]}, "noise": 0.01}, "x3": {"range": [0, 1], "params": {"mean": [0.3829297739416761], "std": [0.1]}, "noise": 0.01}, "x4": {"range": [0, 1], "params": {"mean": [0.7120916508641937], "std": [0.1]}, "noise": 0.01}, "x5": {"range": [0, 1], "params": {"mean": [0.8920448745818957], "std": [0.1]}, "noise": 0.01}}