{"x0": {"range": [-5, 10], "params": {"mean": [2.3144147189787936], "std": [3.0]}, "noise": 0.15}, "x1": {"range": [0, 15], "params": {"mean": [2.8862896292197675], "std": [3.0]}, "noise": 0.15}}