{"x0": {"range": [-5, 10], "params": {"mean": [3.7365620625599707], "std": [3.0]}, "noise": 0.15}, "x1": {"range": [0, 15], "params": {"mean": [5.318596015570019], "std": [3.0]}, "noise": 0.15}}