{"x0": {"range": [-5, 10], "params": {"mean": [1.6175278404715918], "std": [3.0]}, "noise": 0.15}, "x1": {"range": [0, 15], "params": {"mean": [3.0006204378461407], "std": [3.0]}, "noise": 0.15}}