{"x0": {"range": [-5, 10], "params": {"mean": [3.5306088653749503], "std": [3.0]}, "noise": 0.15}, "x1": {"range": [0, 15], "params": {"mean": [1.276345072816726], "std": [3.0]}, "noise": 0.15}}