{"x0": {"range": [-5, 10], "params": {"mean": [4.731886734517782], "std": [3.0]}, "noise": 0.15}, "x1": {"range": [0, 15], "params": {"mean": [2.4067434960606953], "std": [3.0]}, "noise": 0.15}}