{"x0": {"range": [-5, 10], "params": {"mean": [2.8280448564648575], "std": [3.0]}, "noise": 0.15}, "x1": {"range": [0, 15], "params": {"mean": [3.5201403259116684], "std": [3.0]}, "noise": 0.15}}