{"x0": {"range": [-5, 10], "params": {"mean": [3.8923001510892883], "std": [3.0]}, "noise": 0.15}, "x1": {"range": [0, 15], "params": {"mean": [0.6925651472211576], "std": [3.0]}, "noise": 0.15}}