{"x0": {"range": [-5, 10], "params": {"mean": [3.1989945175412053], "std": [3.0]}, "noise": 0.15}, "x1": {"range": [0, 15], "params": {"mean": [0.4867793440590713], "std": [3.0]}, "noise": 0.15}}