{"x0": {"range": [-5, 10], "params": {"mean": [4.899408278594853], "std": [3.0]}, "noise": 0.15}, "x1": {"range": [0, 15], "params": {"mean": [1.871007779936619], "std": [3.0]}, "noise": 0.15}}