{"x0": {"range": [-5, 10], "params": {"mean": [4.373012127369411], "std": [3.0]}, "noise": 0.15}, "x1": {"range": [0, 15], "params": {"mean": [2.7757466581340577], "std": [3.0]}, "noise": 0.15}}