{"x0": {"range": [-5, 10], "params": {"mean": [3.684389675404076], "std": [3.0]}, "noise": 0.15}, "x1": {"range": [0, 15], "params": {"mean": [2.770284208752619], "std": [3.0]}, "noise": 0.15}}