{"x0": {"range": [-5, 10], "params": {"mean": [5.719492836227722], "std": [3.0]}, "noise": 0.15}, "x1": {"range": [0, 15], "params": {"mean": [1.3510467682561795], "std": [3.0]}, "noise": 0.15}}