{"x0": {"range": [-5, 10], "params": {"mean": [4.850723774994631], "std": [3.0]}, "noise": 0.15}, "x1": {"range": [0, 15], "params": {"mean": [0.4426845973008884], "std": [3.0]}, "noise": 0.15}}