{"x0": {"range": [-5, 10], "params": {"mean": [2.4868181966635508], "std": [3.0]}, "noise": 0.15}, "x1": {"range": [0, 15], "params": {"mean": [0.6484124724993281], "std": [3.0]}, "noise": 0.15}}