{"x0": {"range": [-5, 10], "params": {"mean": [3.5581246702915967], "std": [3.0]}, "noise": 0.15}, "x1": {"range": [0, 15], "params": {"mean": [0.6275207296103513], "std": [3.0]}, "noise": 0.15}}