{"x0": {"range": [-5, 10], "params": {"mean": [3.954302565553328], "std": [3.0]}, "noise": 0.15}, "x1": {"range": [0, 15], "params": {"mean": [1.8804406299358467], "std": [3.0]}, "noise": 0.15}}