{"x0": {"range": [-5, 10], "params": {"mean": [4.330222361243502], "std": [3.0]}, "noise": 0.15}, "x1": {"range": [0, 15], "params": {"mean": [1.2202796727248229], "std": [3.0]}, "noise": 0.15}}