{"x0": {"range": [-5, 10], "params": {"mean": [5.5324516793227705], "std": [3.0]}, "noise": 0.15}, "x1": {"range": [0, 15], "params": {"mean": [2.625218982866983], "std": [3.0]}, "noise": 0.15}}