{"x0": {"range": [-5, 10], "params": {"mean": [2.9900010494505738], "std": [3.0]}, "noise": 0.15}, "x1": {"range": [0, 15], "params": {"mean": [4.646232981679022], "std": [3.0]}, "noise": 0.15}}