{"x0": {"range": [-5, 10], "params": {"mean": [4.412584683699731], "std": [3.0]}, "noise": 0.15}, "x1": {"range": [0, 15], "params": {"mean": [2.190061754350195], "std": [3.0]}, "noise": 0.15}}