{"x0": {"range": [-5, 10], "params": {"mean": [2.877138564663574], "std": [0.75]}, "noise": 0.15}, "x1": {"range": [0, 15], "params": {"mean": [1.725387818854488], "std": [0.75]}, "noise": 0.15}}