{"x0": {"range": [-5, 10], "params": {"mean": [3.202679028375406], "std": [0.75]}, "noise": 0.15}, "x1": {"range": [0, 15], "params": {"mean": [2.204603830406275], "std": [0.75]}, "noise": 0.15}}