{"x0": {"range": [-5, 10], "params": {"mean": [2.745756809821628], "std": [0.75]}, "noise": 0.15}, "x1": {"range": [0, 15], "params": {"mean": [1.9860852638319608], "std": [0.75]}, "noise": 0.15}}