{"x0": {"range": [-5, 10], "params": {"mean": [2.7598029400277784], "std": [0.75]}, "noise": 0.15}, "x1": {"range": [0, 15], "params": {"mean": [2.142810816217976], "std": [0.75]}, "noise": 0.15}}