{"x0": {"range": [-5, 10], "params": {"mean": [2.895240506834022], "std": [0.75]}, "noise": 0.15}, "x1": {"range": [0, 15], "params": {"mean": [2.341492714820391], "std": [0.75]}, "noise": 0.15}}