{"x0": {"range": [-5, 10], "params": {"mean": [3.2896613190302095], "std": [0.75]}, "noise": 0.15}, "x1": {"range": [0, 15], "params": {"mean": [2.7434494922345363], "std": [0.75]}, "noise": 0.15}}