{"x0": {"range": [-5, 10], "params": {"mean": [3.5586957718208927], "std": [0.75]}, "noise": 0.15}, "x1": {"range": [0, 15], "params": {"mean": [2.0933280680765503], "std": [0.75]}, "noise": 0.15}}