{"x0": {"range": [-5, 10], "params": {"mean": [2.8754342613023636], "std": [0.75]}, "noise": 0.15}, "x1": {"range": [0, 15], "params": {"mean": [2.168645899658403], "std": [0.75]}, "noise": 0.15}}