{"x0": {"range": [-5, 10], "params": {"mean": [2.9297828658016014], "std": [0.75]}, "noise": 0.15}, "x1": {"range": [0, 15], "params": {"mean": [2.2731607921477246], "std": [0.75]}, "noise": 0.15}}