{"x0": {"range": [-5, 10], "params": {"mean": [2.9511774114844798], "std": [0.75]}, "noise": 0.15}, "x1": {"range": [0, 15], "params": {"mean": [2.028332386155691], "std": [0.75]}, "noise": 0.15}}