{"x0": {"range": [-5, 10], "params": {"mean": [2.880033360352188], "std": [0.75]}, "noise": 0.15}, "x1": {"range": [0, 15], "params": {"mean": [2.1930550392883976], "std": [0.75]}, "noise": 0.15}}