{"x0": {"range": [-5, 10], "params": {"mean": [3.326953122823303], "std": [0.75]}, "noise": 0.15}, "x1": {"range": [0, 15], "params": {"mean": [2.7622965776137667], "std": [0.75]}, "noise": 0.15}}