{"x0": {"range": [-5, 10], "params": {"mean": [3.04279169454992], "std": [0.75]}, "noise": 0.15}, "x1": {"range": [0, 15], "params": {"mean": [2.5778326770219193], "std": [0.75]}, "noise": 0.15}}