{"x0": {"range": [-5, 10], "params": {"mean": [3.085247305307578], "std": [0.75]}, "noise": 0.15}, "x1": {"range": [0, 15], "params": {"mean": [2.082217437127236], "std": [0.75]}, "noise": 0.15}}