{"x0": {"range": [-5, 10], "params": {"mean": [2.9514654521415786], "std": [0.75]}, "noise": 0.15}, "x1": {"range": [0, 15], "params": {"mean": [2.4794881004974876], "std": [0.75]}, "noise": 0.15}}