{"x0": {"range": [-5, 10], "params": {"mean": [3.183604568354039], "std": [0.75]}, "noise": 0.15}, "x1": {"range": [0, 15], "params": {"mean": [2.24674459955902], "std": [0.75]}, "noise": 0.15}}