{"x0": {"range": [-5, 10], "params": {"mean": [3.098727061301213], "std": [0.75]}, "noise": 0.15}, "x1": {"range": [0, 15], "params": {"mean": [2.10637009137344], "std": [0.75]}, "noise": 0.15}}