{"x0": {"range": [0, 1], "params": {"mean": [0.007133342890454708], "std": [0.2]}, "noise": 0.01}, "x1": {"range": [0, 1], "params": {"mean": [0.915748569588744], "std": [0.2]}, "noise": 0.01}, "x2": {"range": [0, 1], "params": {"mean": [0.6641218339423461], "std": [0.2]}, "noise": 0.01}, "x3": {"range": [0, 1], "params": {"mean": [0.3212529011129149], "std": [0.2]}, "noise": 0.01}, "x4": {"range": [0, 1], "params": {"mean": [0.9850309227409667], "std": [0.2]}, "noise": 0.01}, "x5": {"range": [0, 1], "params": {"mean": [0.04448002400859333], "std": [0.2]}, "noise": 0.01}, "x6": {"range": [0, 1], "params": {"mean": [0.06526242629905578], "std": [0.2]}, "noise": 0.01}, "x7": {"range": [0, 1], "params": {"mean": [0.4309670712064005], "std": [0.2]}, "noise": 0.01}}