{"x0": {"range": [0, 1], "params": {"mean": [0.9834235090757383], "std": [0.1]}, "noise": 0.01}, "x1": {"range": [0, 1], "params": {"mean": [0.04323131549031565], "std": [0.1]}, "noise": 0.01}, "x2": {"range": [0, 1], "params": {"mean": [0.7523316255778101], "std": [0.1]}, "noise": 0.01}, "x3": {"range": [0, 1], "params": {"mean": [0.7271954936748185], "std": [0.1]}, "noise": 0.01}, "x4": {"range": [0, 1], "params": {"mean": [0.024835098967089266], "std": [0.1]}, "noise": 0.01}, "x5": {"range": [0, 1], "params": {"mean": [0.8780384212189133], "std": [0.1]}, "noise": 0.01}}