{"x0": {"range": [-5, 10], "params": {"mean": [3.0466996565040825], "std": [0.15]}, "noise": 0.15}, "x1": {"range": [0, 15], "params": {"mean": [2.460275676765646], "std": [0.15]}, "noise": 0.15}}