{"x0": {"range": [-5, 10], "params": {"mean": [3.295651066865631], "std": [0.15]}, "noise": 0.15}, "x1": {"range": [0, 15], "params": {"mean": [2.3537728604527848], "std": [0.15]}, "noise": 0.15}}