{"x0": {"range": [-5, 10], "params": {"mean": [2.926043984617535], "std": [0.15]}, "noise": 0.15}, "x1": {"range": [0, 15], "params": {"mean": [1.9950965716477929], "std": [0.15]}, "noise": 0.15}}