{"x0": {"range": [-5, 10], "params": {"mean": [3.0227747880356524], "std": [0.15]}, "noise": 0.15}, "x1": {"range": [0, 15], "params": {"mean": [2.3273552035118437], "std": [0.15]}, "noise": 0.15}}