{"x0": {"range": [-5, 10], "params": {"mean": [3.0787277336260184], "std": [0.15]}, "noise": 0.15}, "x1": {"range": [0, 15], "params": {"mean": [2.3431896930879206], "std": [0.15]}, "noise": 0.15}}