{"x0": {"range": [-5, 10], "params": {"mean": [2.9899121588323263], "std": [0.15]}, "noise": 0.15}, "x1": {"range": [0, 15], "params": {"mean": [2.2904107639824804], "std": [0.15]}, "noise": 0.15}}