{"x0": {"range": [-5, 10], "params": {"mean": [3.279364407149618], "std": [0.15]}, "noise": 0.15}, "x1": {"range": [0, 15], "params": {"mean": [2.278615076782288], "std": [0.15]}, "noise": 0.15}}