{"x0": {"range": [-5, 10], "params": {"mean": [3.034413846307686], "std": [0.15]}, "noise": 0.15}, "x1": {"range": [0, 15], "params": {"mean": [2.285380190250851], "std": [0.15]}, "noise": 0.15}}