{"x0": {"range": [-5, 10], "params": {"mean": [3.2043736155609785], "std": [0.15]}, "noise": 0.15}, "x1": {"range": [0, 15], "params": {"mean": [2.26933534171984], "std": [0.15]}, "noise": 0.15}}