{"x0": {"range": [-5, 10], "params": {"mean": [3.072883318412824], "std": [0.15]}, "noise": 0.15}, "x1": {"range": [0, 15], "params": {"mean": [2.2032695426720132], "std": [0.15]}, "noise": 0.15}}