{"x0": {"range": [-5, 10], "params": {"mean": [3.233707653728752], "std": [0.15]}, "noise": 0.15}, "x1": {"range": [0, 15], "params": {"mean": [2.1845203812785745], "std": [0.15]}, "noise": 0.15}}