{"x0": {"range": [-5, 10], "params": {"mean": [2.832654336230224], "std": [0.15]}, "noise": 0.15}, "x1": {"range": [0, 15], "params": {"mean": [2.2824001269017593], "std": [0.15]}, "noise": 0.15}}