{"x0": {"range": [-5, 10], "params": {"mean": [3.218414852463569], "std": [0.15]}, "noise": 0.15}, "x1": {"range": [0, 15], "params": {"mean": [2.4519006305540163], "std": [0.15]}, "noise": 0.15}}