{"x0": {"range": [-5, 10], "params": {"mean": [3.1815643055055722], "std": [0.15]}, "noise": 0.15}, "x1": {"range": [0, 15], "params": {"mean": [2.164035294179032], "std": [0.15]}, "noise": 0.15}}