{"x0": {"range": [-5, 10], "params": {"mean": [2.958423092595851], "std": [0.15]}, "noise": 0.15}, "x1": {"range": [0, 15], "params": {"mean": [1.9332904713830188], "std": [0.15]}, "noise": 0.15}}