{"x0": {"range": [-5, 10], "params": {"mean": [3.1481672728737347], "std": [0.15]}, "noise": 0.15}, "x1": {"range": [0, 15], "params": {"mean": [2.4908623638397644], "std": [0.15]}, "noise": 0.15}}