{"x0": {"range": [-5, 10], "params": {"mean": [3.172149109126799], "std": [0.15]}, "noise": 0.15}, "x1": {"range": [0, 15], "params": {"mean": [2.369263207513604], "std": [0.15]}, "noise": 0.15}}