{"x0": {"range": [-5, 10], "params": {"mean": [3.0199496782150015], "std": [0.15]}, "noise": 0.15}, "x1": {"range": [0, 15], "params": {"mean": [2.5161453381502525], "std": [0.15]}, "noise": 0.15}}