{"x0": {"range": [-5, 10], "params": {"mean": [3.416974774217441], "std": [0.15]}, "noise": 0.15}, "x1": {"range": [0, 15], "params": {"mean": [2.111775203424514], "std": [0.15]}, "noise": 0.15}}