{"x0": {"range": [-5, 10], "params": {"mean": [3.393602569046558], "std": [0.15]}, "noise": 0.15}, "x1": {"range": [0, 15], "params": {"mean": [2.3146024595678383], "std": [0.15]}, "noise": 0.15}}