{"x0": {"range": [0, 1], "params": {"mean": [0.19632979661612374], "std": [0.05]}, "noise": 0.01}, "x1": {"range": [0, 1], "params": {"mean": [0.415916285138165], "std": [0.05]}, "noise": 0.01}, "x2": {"range": [0, 1], "params": {"mean": [0.4466466078066752], "std": [0.05]}, "noise": 0.01}, "x3": {"range": [0, 1], "params": {"mean": [0.6089085588550518], "std": [0.05]}, "noise": 0.01}, "x4": {"range": [0, 1], "params": {"mean": [0.24557505516973174], "std": [0.05]}, "noise": 0.01}, "x5": {"range": [0, 1], "params": {"mean": [0.9676356992122184], "std": [0.05]}, "noise": 0.01}}