{"x0": {"range": [-5, 10], "params": {"mean": [1.7523745368425163], "std": [1.5]}, "noise": 0.15}, "x1": {"range": [0, 15], "params": {"mean": [2.2512575750216266], "std": [1.5]}, "noise": 0.15}}