{"x0": {"range": [-5, 10], "params": {"mean": [4.869718844195294], "std": [1.5]}, "noise": 0.15}, "x1": {"range": [0, 15], "params": {"mean": [1.9755981554387827], "std": [1.5]}, "noise": 0.15}}