{"x0": {"range": [-5, 10], "params": {"mean": [4.855956527389645], "std": [1.5]}, "noise": 0.15}, "x1": {"range": [0, 15], "params": {"mean": [0.3992739713317346], "std": [1.5]}, "noise": 0.15}}