{"x0": {"range": [-5, 10], "params": {"mean": [3.5067676461143753], "std": [1.5]}, "noise": 0.15}, "x1": {"range": [0, 15], "params": {"mean": [0.17910046887808884], "std": [1.5]}, "noise": 0.15}}