{"x0": {"range": [-5, 10], "params": {"mean": [-0.4473283818745082], "std": [1.5]}, "noise": 0.15}, "x1": {"range": [0, 15], "params": {"mean": [1.7201925285815551], "std": [1.5]}, "noise": 0.15}}