{"x0": {"range": [-5, 10], "params": {"mean": [4.7492190911281105], "std": [1.5]}, "noise": 0.15}, "x1": {"range": [0, 15], "params": {"mean": [2.073151841684201], "std": [1.5]}, "noise": 0.15}}