{"x0": {"range": [-5, 10], "params": {"mean": [4.950719719866542], "std": [1.5]}, "noise": 0.15}, "x1": {"range": [0, 15], "params": {"mean": [8.683176084051853], "std": [1.5]}, "noise": 0.15}}