{"x0": {"range": [-5, 10], "params": {"mean": [9.215505377550926], "std": [1.5]}, "noise": 0.15}, "x1": {"range": [0, 15], "params": {"mean": [2.27671448560521], "std": [1.5]}, "noise": 0.15}}