{"x0": {"range": [-5, 10], "params": {"mean": [6.67192309467495], "std": [1.5]}, "noise": 0.15}, "x1": {"range": [0, 15], "params": {"mean": [1.7847946517696642], "std": [1.5]}, "noise": 0.15}}