{"x0": {"range": [-5, 10], "params": {"mean": [0.4244824702677428], "std": [1.5]}, "noise": 0.15}, "x1": {"range": [0, 15], "params": {"mean": [2.18447613918634], "std": [1.5]}, "noise": 0.15}}