{"x0": {"range": [-5, 10], "params": {"mean": [8.714109842655024], "std": [1.5]}, "noise": 0.15}, "x1": {"range": [0, 15], "params": {"mean": [7.8384746473279385], "std": [1.5]}, "noise": 0.15}}