{"x0": {"range": [-5, 10], "params": {"mean": [-0.15471139329127004], "std": [1.5]}, "noise": 0.15}, "x1": {"range": [0, 15], "params": {"mean": [0.7847943277091949], "std": [1.5]}, "noise": 0.15}}