{"x0": {"range": [-5, 10], "params": {"mean": [0.02194579821165865], "std": [1.5]}, "noise": 0.15}, "x1": {"range": [0, 15], "params": {"mean": [0.4121691162222403], "std": [1.5]}, "noise": 0.15}}