{"x0": {"range": [-5, 10], "params": {"mean": [-3.419866496539088], "std": [1.5]}, "noise": 0.15}, "x1": {"range": [0, 15], "params": {"mean": [6.84393314681029], "std": [1.5]}, "noise": 0.15}}