{"x0": {"range": [-5, 10], "params": {"mean": [-1.6045949497711618], "std": [1.5]}, "noise": 0.15}, "x1": {"range": [0, 15], "params": {"mean": [3.723233612074183], "std": [1.5]}, "noise": 0.15}}