{"x0": {"range": [-5, 10], "params": {"mean": [-2.0041367419092513], "std": [1.5]}, "noise": 0.15}, "x1": {"range": [0, 15], "params": {"mean": [1.533750737221284], "std": [1.5]}, "noise": 0.15}}