{"x0": {"range": [-5, 10], "params": {"mean": [0.18764037537889777], "std": [1.5]}, "noise": 0.15}, "x1": {"range": [0, 15], "params": {"mean": [5.2449749527498355], "std": [1.5]}, "noise": 0.15}}