{"x0": {"range": [-5, 10], "params": {"mean": [1.4391461812519617], "std": [1.5]}, "noise": 0.15}, "x1": {"range": [0, 15], "params": {"mean": [0.021653610058984363], "std": [1.5]}, "noise": 0.15}}