{"x0": {"range": [-5, 10], "params": {"mean": [4.814104270298776], "std": [1.5]}, "noise": 0.15}, "x1": {"range": [0, 15], "params": {"mean": [4.040187235169265], "std": [1.5]}, "noise": 0.15}}