{"x0": {"range": [0, 1], "params": {"mean": [0.9748565737958601], "std": [0.1]}, "noise": 0.1}, "x1": {"range": [0, 1], "params": {"mean": [0.13445929238471757], "std": [0.1]}, "noise": 0.1}}