{"x0": {"range": [0, 1], "params": {"mean": [0.7220513672861166], "std": [0.1]}, "noise": 0.1}, "x1": {"range": [0, 1], "params": {"mean": [0.09142260258669006], "std": [0.1]}, "noise": 0.1}}