{"x0": {"range": [0, 1], "params": {"mean": [0.7926931118747466], "std": [0.1]}, "noise": 0.1}, "x1": {"range": [0, 1], "params": {"mean": [0.10165790058255225], "std": [0.1]}, "noise": 0.1}}