{"x0": {"range": [0, 1], "params": {"mean": [0.9315519944569174], "std": [0.1]}, "noise": 0.1}, "x1": {"range": [0, 1], "params": {"mean": [0.1298881232383028], "std": [0.1]}, "noise": 0.1}}