{"x0": {"range": [0, 1], "params": {"mean": [0.8655851178977114], "std": [0.1]}, "noise": 0.1}, "x1": {"range": [0, 1], "params": {"mean": [0.04831131102759507], "std": [0.1]}, "noise": 0.1}}