{"x0": {"range": [0, 1], "params": {"mean": [0.969592400532526], "std": [0.1]}, "noise": 0.1}, "x1": {"range": [0, 1], "params": {"mean": [0.04650701331790054], "std": [0.1]}, "noise": 0.1}}