{"x0": {"range": [0, 1], "params": {"mean": [0.925361458378229], "std": [0.1]}, "noise": 0.1}, "x1": {"range": [0, 1], "params": {"mean": [0.02453398487295043], "std": [0.1]}, "noise": 0.1}}