{"x0": {"range": [0, 1], "params": {"mean": [0.745401928976902], "std": [0.1]}, "noise": 0.1}, "x1": {"range": [0, 1], "params": {"mean": [0.14397217355979142], "std": [0.1]}, "noise": 0.1}}