{"x0": {"range": [0, 1], "params": {"mean": [0.9057296497641795], "std": [0.1]}, "noise": 0.1}, "x1": {"range": [0, 1], "params": {"mean": [0.06010977691214181], "std": [0.1]}, "noise": 0.1}}