{"x0": {"range": [0, 1], "params": {"mean": [0.8622944410994454], "std": [0.1]}, "noise": 0.1}, "x1": {"range": [0, 1], "params": {"mean": [0.04851245959722909], "std": [0.1]}, "noise": 0.1}}