{"x0": {"range": [0, 1], "params": {"mean": [0.9662366767630857], "std": [0.1]}, "noise": 0.1}, "x1": {"range": [0, 1], "params": {"mean": [0.16224233725094717], "std": [0.1]}, "noise": 0.1}}