{"x0": {"range": [0, 1], "params": {"mean": [0.8040801639108117], "std": [0.1]}, "noise": 0.1}, "x1": {"range": [0, 1], "params": {"mean": [0.08733930862208729], "std": [0.1]}, "noise": 0.1}}