{"x0": {"range": [0, 1], "params": {"mean": [0.8395396743278849], "std": [0.1]}, "noise": 0.1}, "x1": {"range": [0, 1], "params": {"mean": [0.013538956712566854], "std": [0.1]}, "noise": 0.1}}