{"x0": {"range": [0, 1], "params": {"mean": [0.9861595139638307], "std": [0.1]}, "noise": 0.1}, "x1": {"range": [0, 1], "params": {"mean": [0.09289939698129454], "std": [0.1]}, "noise": 0.1}}