{"x0": {"range": [0, 1], "params": {"mean": [0.9781502334123467], "std": [0.1]}, "noise": 0.1}, "x1": {"range": [0, 1], "params": {"mean": [0.049728263793670305], "std": [0.1]}, "noise": 0.1}}