{"x0": {"range": [0, 1], "params": {"mean": [0.9288751918629276], "std": [0.1]}, "noise": 0.1}, "x1": {"range": [0, 1], "params": {"mean": [0.01990384970924665], "std": [0.1]}, "noise": 0.1}}