{"x0": {"range": [0, 1], "params": {"mean": [0.8384501066378465], "std": [0.1]}, "noise": 0.1}, "x1": {"range": [0, 1], "params": {"mean": [0.04201141573798298], "std": [0.1]}, "noise": 0.1}}