{"x0": {"range": [0, 1], "params": {"mean": [0.6859491161096597], "std": [0.1]}, "noise": 0.1}, "x1": {"range": [0, 1], "params": {"mean": [0.16375485344790558], "std": [0.1]}, "noise": 0.1}}