{"x0": {"range": [0, 1], "params": {"mean": [0.8289599593778623], "std": [0.1]}, "noise": 0.1}, "x1": {"range": [0, 1], "params": {"mean": [0.14990816343243812], "std": [0.1]}, "noise": 0.1}}