{"x0": {"range": [0, 1], "params": {"mean": [0.8882341830416952], "std": [0.1]}, "noise": 0.1}, "x1": {"range": [0, 1], "params": {"mean": [0.025742863828355417], "std": [0.1]}, "noise": 0.1}}