{"x0": {"range": [0, 1], "params": {"mean": [0.9673470651792717], "std": [0.1]}, "noise": 0.01}, "x1": {"range": [0, 1], "params": {"mean": [0.1396332612219831], "std": [0.1]}, "noise": 0.01}}