{"x0": {"range": [0, 1], "params": {"mean": [0.9396620816909492], "std": [0.1]}, "noise": 0.01}, "x1": {"range": [0, 1], "params": {"mean": [0.08478546286960159], "std": [0.1]}, "noise": 0.01}}