{"x0": {"range": [0, 1], "params": {"mean": [0.9313698420785453], "std": [0.1]}, "noise": 0.01}, "x1": {"range": [0, 1], "params": {"mean": [0.15502314261858363], "std": [0.1]}, "noise": 0.01}}