{"x0": {"range": [0, 1], "params": {"mean": [0.962305385427851], "std": [0.1]}, "noise": 0.01}, "x1": {"range": [0, 1], "params": {"mean": [0.14351570947923986], "std": [0.1]}, "noise": 0.01}}