{"x0": {"range": [0, 1], "params": {"mean": [0.9160991823365501], "std": [0.1]}, "noise": 0.01}, "x1": {"range": [0, 1], "params": {"mean": [0.046946243976752795], "std": [0.1]}, "noise": 0.01}}