{"x0": {"range": [0, 1], "params": {"mean": [0.9032969944451817], "std": [0.1]}, "noise": 0.01}, "x1": {"range": [0, 1], "params": {"mean": [0.023107754419982966], "std": [0.1]}, "noise": 0.01}}