{"x0": {"range": [0, 1], "params": {"mean": [0.9185091791777633], "std": [0.1]}, "noise": 0.01}, "x1": {"range": [0, 1], "params": {"mean": [0.07775569420280219], "std": [0.1]}, "noise": 0.01}}