{"x0": {"range": [0, 1], "params": {"mean": [0.9332625644088993], "std": [0.1]}, "noise": 0.01}, "x1": {"range": [0, 1], "params": {"mean": [0.11769736358938904], "std": [0.1]}, "noise": 0.01}}