{"x0": {"range": [0, 1], "params": {"mean": [0.8056944121153536], "std": [0.1]}, "noise": 0.01}, "x1": {"range": [0, 1], "params": {"mean": [0.08791973215949805], "std": [0.1]}, "noise": 0.01}}