{"x0": {"range": [0, 1], "params": {"mean": [0.8819106298140531], "std": [0.1]}, "noise": 0.01}, "x1": {"range": [0, 1], "params": {"mean": [0.1042474301595916], "std": [0.1]}, "noise": 0.01}}