{"x0": {"range": [0, 1], "params": {"mean": [0.9245486278848963], "std": [0.1]}, "noise": 0.01}, "x1": {"range": [0, 1], "params": {"mean": [0.01919799506228235], "std": [0.1]}, "noise": 0.01}}