{"x0": {"range": [0, 1], "params": {"mean": [0.8013461731864575], "std": [0.1]}, "noise": 0.01}, "x1": {"range": [0, 1], "params": {"mean": [0.3049946017002642], "std": [0.1]}, "noise": 0.01}}