{"x0": {"range": [0, 1], "params": {"mean": [0.8010406311084477], "std": [0.1]}, "noise": 0.01}, "x1": {"range": [0, 1], "params": {"mean": [0.1504904731475737], "std": [0.1]}, "noise": 0.01}}