{"x0": {"range": [0, 1], "params": {"mean": [0.9103515637629377], "std": [0.1]}, "noise": 0.01}, "x1": {"range": [0, 1], "params": {"mean": [0.0933182034184318], "std": [0.1]}, "noise": 0.01}}