{"x0": {"range": [0, 1], "params": {"mean": [0.8432817282905944], "std": [0.1]}, "noise": 0.01}, "x1": {"range": [0, 1], "params": {"mean": [0.0037216435770209], "std": [0.1]}, "noise": 0.01}}