{"x0": {"range": [0, 1], "params": {"mean": [0.7313696179162711], "std": [0.1]}, "noise": 0.01}, "x1": {"range": [0, 1], "params": {"mean": [0.01256180860249606], "std": [0.1]}, "noise": 0.01}}