{"x0": {"range": [0, 1], "params": {"mean": [0.9416333054838882], "std": [0.1]}, "noise": 0.01}, "x1": {"range": [0, 1], "params": {"mean": [0.04817461360465483], "std": [0.1]}, "noise": 0.01}}