{"x0": {"range": [0, 1], "params": {"mean": [0.8116406593499463], "std": [0.1]}, "noise": 0.01}, "x1": {"range": [0, 1], "params": {"mean": [0.005826194684165609], "std": [0.1]}, "noise": 0.01}}