{"x0": {"range": [0, 1], "params": {"mean": [0.8553030388174889], "std": [0.1]}, "noise": 0.01}, "x1": {"range": [0, 1], "params": {"mean": [0.03021035228564635], "std": [0.1]}, "noise": 0.01}}