{"x0": {"range": [0, 1], "params": {"mean": [0.12012735151811067], "std": [0.02]}, "noise": 0.01}, "x1": {"range": [0, 1], "params": {"mean": [0.06889996594755718], "std": [0.02]}, "noise": 0.01}, "x2": {"range": [0, 1], "params": {"mean": [0.5463597699364945], "std": [0.02]}, "noise": 0.01}, "x3": {"range": [0, 1], "params": {"mean": [0.28799776431056423], "std": [0.02]}, "noise": 0.01}, "x4": {"range": [0, 1], "params": {"mean": [0.5206198781971191], "std": [0.02]}, "noise": 0.01}, "x5": {"range": [0, 1], "params": {"mean": [0.5027714520590548], "std": [0.02]}, "noise": 0.01}}