{"x0": {"range": [0, 1], "params": {"mean": [0.24383955860118328], "std": [0.05]}, "noise": 0.01}, "x1": {"range": [0, 1], "params": {"mean": [0.21246043136500148], "std": [0.05]}, "noise": 0.01}, "x2": {"range": [0, 1], "params": {"mean": [0.3043201157281141], "std": [0.05]}, "noise": 0.01}, "x3": {"range": [0, 1], "params": {"mean": [0.09558718399182314], "std": [0.05]}, "noise": 0.01}, "x4": {"range": [0, 1], "params": {"mean": [0.33727556423030663], "std": [0.05]}, "noise": 0.01}, "x5": {"range": [0, 1], "params": {"mean": [0.5226348309520832], "std": [0.05]}, "noise": 0.01}}