{"x0": {"range": [-5, 10], "params": {"mean": [3.336679826324442], "std": [0.3]}, "noise": 0.15}, "x1": {"range": [0, 15], "params": {"mean": [3.3493107277717673], "std": [0.3]}, "noise": 0.15}}