{"x0": {"range": [-5, 10], "params": {"mean": [2.3565320253134283], "std": [0.3]}, "noise": 0.15}, "x1": {"range": [0, 15], "params": {"mean": [4.427553892930717], "std": [0.3]}, "noise": 0.15}}