{"x0": {"range": [-5, 10], "params": {"mean": [1.943369405528664], "std": [0.3]}, "noise": 0.15}, "x1": {"range": [0, 15], "params": {"mean": [1.381064889391215], "std": [0.3]}, "noise": 0.15}}