{"x0": {"range": [-5, 10], "params": {"mean": [5.515453723440867], "std": [0.3]}, "noise": 0.15}, "x1": {"range": [0, 15], "params": {"mean": [0.15139825487350267], "std": [0.3]}, "noise": 0.15}}