{"x0": {"range": [-5, 10], "params": {"mean": [4.904893408488414], "std": [0.3]}, "noise": 0.15}, "x1": {"range": [0, 15], "params": {"mean": [3.59786431022338], "std": [0.3]}, "noise": 0.15}}