{"x0": {"range": [-5, 10], "params": {"mean": [5.338234608555307], "std": [0.3]}, "noise": 0.15}, "x1": {"range": [0, 15], "params": {"mean": [9.170766800705891], "std": [0.3]}, "noise": 0.15}}