{"x0": {"range": [-5, 10], "params": {"mean": [3.242586350185369], "std": [0.3]}, "noise": 0.15}, "x1": {"range": [0, 15], "params": {"mean": [1.0827138653769943], "std": [0.3]}, "noise": 0.15}}