{"x0": {"range": [-5, 10], "params": {"mean": [-0.7855674144928146], "std": [0.3]}, "noise": 0.15}, "x1": {"range": [0, 15], "params": {"mean": [5.644349767944991], "std": [0.3]}, "noise": 0.15}}