{"x0": {"range": [-5, 10], "params": {"mean": [-0.5218335727042964], "std": [0.3]}, "noise": 0.15}, "x1": {"range": [0, 15], "params": {"mean": [4.5114422999149255], "std": [0.3]}, "noise": 0.15}}