{"x0": {"range": [-5, 10], "params": {"mean": [2.039714131512258], "std": [0.3]}, "noise": 0.15}, "x1": {"range": [0, 15], "params": {"mean": [2.5155775762759363], "std": [0.3]}, "noise": 0.15}}