{"x0": {"range": [-5, 10], "params": {"mean": [6.912676169879912], "std": [0.3]}, "noise": 0.15}, "x1": {"range": [0, 15], "params": {"mean": [3.464252598767785], "std": [0.3]}, "noise": 0.15}}