{"x0": {"range": [-5, 10], "params": {"mean": [5.034313639380013], "std": [0.3]}, "noise": 0.15}, "x1": {"range": [0, 15], "params": {"mean": [7.758042632992691], "std": [0.3]}, "noise": 0.15}}