{"x0": {"range": [-5, 10], "params": {"mean": [6.230146456714213], "std": [0.3]}, "noise": 0.15}, "x1": {"range": [0, 15], "params": {"mean": [1.757592736176316], "std": [0.3]}, "noise": 0.15}}