{"x0": {"range": [-5, 10], "params": {"mean": [3.1411401809222044], "std": [0.3]}, "noise": 0.15}, "x1": {"range": [0, 15], "params": {"mean": [5.192662548207303], "std": [0.3]}, "noise": 0.15}}