{"x0": {"range": [-5, 10], "params": {"mean": [-0.47287514810585307], "std": [0.3]}, "noise": 0.15}, "x1": {"range": [0, 15], "params": {"mean": [5.397008478765461], "std": [0.3]}, "noise": 0.15}}