{"x0": {"range": [-5, 10], "params": {"mean": [0.090724313708614], "std": [0.3]}, "noise": 0.15}, "x1": {"range": [0, 15], "params": {"mean": [3.493541885611573], "std": [0.3]}, "noise": 0.15}}