{"x0": {"range": [-5, 10], "params": {"mean": [3.872872028458531], "std": [0.3]}, "noise": 0.15}, "x1": {"range": [0, 15], "params": {"mean": [0.6857267100801807], "std": [0.3]}, "noise": 0.15}}