{"x0": {"range": [-5, 10], "params": {"mean": [7.35216420760688], "std": [0.3]}, "noise": 0.15}, "x1": {"range": [0, 15], "params": {"mean": [3.315771967885037], "std": [0.3]}, "noise": 0.15}}