{"x0": {"range": [-5, 10], "params": {"mean": [-0.6060174281430513], "std": [0.75]}, "noise": 0.15}, "x1": {"range": [0, 15], "params": {"mean": [5.448267376044686], "std": [0.75]}, "noise": 0.15}}