{"x0": {"range": [-5, 10], "params": {"mean": [7.78193792274854], "std": [0.75]}, "noise": 0.15}, "x1": {"range": [0, 15], "params": {"mean": [2.647479588362077], "std": [0.75]}, "noise": 0.15}}