{"x0": {"range": [-5, 10], "params": {"mean": [1.8871270864178467], "std": [0.75]}, "noise": 0.15}, "x1": {"range": [0, 15], "params": {"mean": [7.194773666902044], "std": [0.75]}, "noise": 0.15}}