{"x0": {"range": [-5, 10], "params": {"mean": [3.486302660904142], "std": [0.75]}, "noise": 0.15}, "x1": {"range": [0, 15], "params": {"mean": [5.429746531501729], "std": [0.75]}, "noise": 0.15}}