{"x0": {"range": [-5, 10], "params": {"mean": [2.4302727931197565], "std": [0.75]}, "noise": 0.15}, "x1": {"range": [0, 15], "params": {"mean": [6.69685332669847], "std": [0.75]}, "noise": 0.15}}