{"x0": {"range": [-5, 10], "params": {"mean": [0.1340293553353673], "std": [0.75]}, "noise": 0.15}, "x1": {"range": [0, 15], "params": {"mean": [3.762819072595986], "std": [0.75]}, "noise": 0.15}}