{"x0": {"range": [-5, 10], "params": {"mean": [6.162999795486156], "std": [0.75]}, "noise": 0.15}, "x1": {"range": [0, 15], "params": {"mean": [3.0896689844538683], "std": [0.75]}, "noise": 0.15}}