{"x0": {"range": [-5, 10], "params": {"mean": [4.318946060646671], "std": [0.75]}, "noise": 0.15}, "x1": {"range": [0, 15], "params": {"mean": [1.4591383796192143], "std": [0.75]}, "noise": 0.15}}