{"x0": {"range": [-5, 10], "params": {"mean": [-3.9020308480093844], "std": [0.75]}, "noise": 0.15}, "x1": {"range": [0, 15], "params": {"mean": [2.8932132131897643], "std": [0.75]}, "noise": 0.15}}