{"x0": {"range": [-5, 10], "params": {"mean": [1.559051969053776], "std": [0.75]}, "noise": 0.15}, "x1": {"range": [0, 15], "params": {"mean": [3.333364380108165], "std": [0.75]}, "noise": 0.15}}