{"x0": {"range": [-5, 10], "params": {"mean": [-1.1995208256176237], "std": [0.75]}, "noise": 0.15}, "x1": {"range": [0, 15], "params": {"mean": [2.270886917538732], "std": [0.75]}, "noise": 0.15}}