{"x0": {"range": [-5, 10], "params": {"mean": [2.9289290704661184], "std": [0.75]}, "noise": 0.15}, "x1": {"range": [0, 15], "params": {"mean": [4.198586635509816], "std": [0.75]}, "noise": 0.15}}