{"x0": {"range": [-5, 10], "params": {"mean": [1.1646466539182183], "std": [0.75]}, "noise": 0.15}, "x1": {"range": [0, 15], "params": {"mean": [2.454592614901819], "std": [0.75]}, "noise": 0.15}}