{"x0": {"range": [-5, 10], "params": {"mean": [3.1045207591441746], "std": [0.75]}, "noise": 0.15}, "x1": {"range": [0, 15], "params": {"mean": [0.09919190619975149], "std": [0.75]}, "noise": 0.15}}