{"x0": {"range": [-5, 10], "params": {"mean": [7.216483661881486], "std": [0.75]}, "noise": 0.15}, "x1": {"range": [0, 15], "params": {"mean": [3.058794671101541], "std": [0.75]}, "noise": 0.15}}