{"x0": {"range": [-5, 10], "params": {"mean": [6.115222083931519], "std": [0.75]}, "noise": 0.15}, "x1": {"range": [0, 15], "params": {"mean": [4.224875639247421], "std": [0.75]}, "noise": 0.15}}