{"x0": {"range": [-5, 10], "params": {"mean": [3.767751626277067], "std": [0.75]}, "noise": 0.15}, "x1": {"range": [0, 15], "params": {"mean": [1.5380691630632786], "std": [0.75]}, "noise": 0.15}}