{"x0": {"range": [-5, 10], "params": {"mean": [3.118305251400409], "std": [0.75]}, "noise": 0.15}, "x1": {"range": [0, 15], "params": {"mean": [5.300124821931693], "std": [0.75]}, "noise": 0.15}}