{"x0": {"range": [-5, 10], "params": {"mean": [3.593544917055905], "std": [1.5]}, "noise": 0.15}, "x1": {"range": [0, 15], "params": {"mean": [3.3870721800305867], "std": [1.5]}, "noise": 0.15}}