{"x0": {"range": [-5, 10], "params": {"mean": [3.0723287333129017], "std": [1.5]}, "noise": 0.15}, "x1": {"range": [0, 15], "params": {"mean": [1.626847199588251], "std": [1.5]}, "noise": 0.15}}