{"x0": {"range": [-5, 10], "params": {"mean": [2.7133112591588953], "std": [1.5]}, "noise": 0.15}, "x1": {"range": [0, 15], "params": {"mean": [2.2149517012607687], "std": [1.5]}, "noise": 0.15}}