{"x0": {"range": [-5, 10], "params": {"mean": [3.842321188200683], "std": [1.5]}, "noise": 0.15}, "x1": {"range": [0, 15], "params": {"mean": [2.9633934958918666], "std": [1.5]}, "noise": 0.15}}