{"x0": {"range": [-5, 10], "params": {"mean": [4.140712871675399], "std": [1.5]}, "noise": 0.15}, "x1": {"range": [0, 15], "params": {"mean": [1.3672527223167013], "std": [1.5]}, "noise": 0.15}}