{"x0": {"range": [-5, 10], "params": {"mean": [4.9957722345180535], "std": [1.5]}, "noise": 0.15}, "x1": {"range": [0, 15], "params": {"mean": [2.5154414467478445], "std": [1.5]}, "noise": 0.15}}