{"x0": {"range": [-5, 10], "params": {"mean": [2.4068117535400044], "std": [1.5]}, "noise": 0.15}, "x1": {"range": [0, 15], "params": {"mean": [3.2724083168010796], "std": [1.5]}, "noise": 0.15}}