{"x0": {"range": [-5, 10], "params": {"mean": [3.4008146929221788], "std": [1.5]}, "noise": 0.15}, "x1": {"range": [0, 15], "params": {"mean": [2.605847880812836], "std": [1.5]}, "noise": 0.15}}