{"x0": {"range": [-5, 10], "params": {"mean": [4.959041532705763], "std": [1.5]}, "noise": 0.15}, "x1": {"range": [0, 15], "params": {"mean": [4.233831585830581], "std": [1.5]}, "noise": 0.15}}