{"x0": {"range": [-5, 10], "params": {"mean": [1.9422972004527435], "std": [1.5]}, "noise": 0.15}, "x1": {"range": [0, 15], "params": {"mean": [4.218184128921512], "std": [1.5]}, "noise": 0.15}}