{"x0": {"range": [-5, 10], "params": {"mean": [2.5849363807414654], "std": [1.5]}, "noise": 0.15}, "x1": {"range": [0, 15], "params": {"mean": [1.9356023733873842], "std": [1.5]}, "noise": 0.15}}