{"x0": {"range": [-5, 10], "params": {"mean": [2.887003779275748], "std": [1.5]}, "noise": 0.15}, "x1": {"range": [0, 15], "params": {"mean": [2.8859451225448893], "std": [1.5]}, "noise": 0.15}}