{"x0": {"range": [-5, 10], "params": {"mean": [2.8432269454172725], "std": [1.5]}, "noise": 0.15}, "x1": {"range": [0, 15], "params": {"mean": [1.9617243516114473], "std": [1.5]}, "noise": 0.15}}