{"x0": {"range": [-5, 10], "params": {"mean": [3.5186515822237925], "std": [1.5]}, "noise": 0.15}, "x1": {"range": [0, 15], "params": {"mean": [2.491241477701857], "std": [1.5]}, "noise": 0.15}}