{"x0": {"range": [-5, 10], "params": {"mean": [3.2761418257510235], "std": [1.5]}, "noise": 0.15}, "x1": {"range": [0, 15], "params": {"mean": [2.5458623663242177], "std": [1.5]}, "noise": 0.15}}