{"x0": {"range": [-5, 10], "params": {"mean": [4.003611604648178], "std": [1.5]}, "noise": 0.15}, "x1": {"range": [0, 15], "params": {"mean": [2.4768477960652127], "std": [1.5]}, "noise": 0.15}}