{"x0": {"range": [-5, 10], "params": {"mean": [4.518343533366204], "std": [1.5]}, "noise": 0.15}, "x1": {"range": [0, 15], "params": {"mean": [2.2231181343719633], "std": [1.5]}, "noise": 0.15}}