{"x0": {"range": [-5, 10], "params": {"mean": [3.6710400465092565], "std": [1.5]}, "noise": 0.15}, "x1": {"range": [0, 15], "params": {"mean": [2.663571131221852], "std": [1.5]}, "noise": 0.15}}