{"x0": {"range": [-5, 10], "params": {"mean": [2.7312424450126063], "std": [1.5]}, "noise": 0.15}, "x1": {"range": [0, 15], "params": {"mean": [2.5653506402234583], "std": [1.5]}, "noise": 0.15}}