{"x0": {"range": [-5, 10], "params": {"mean": [3.5161823163047976], "std": [1.5]}, "noise": 0.15}, "x1": {"range": [0, 15], "params": {"mean": [2.7548314308732986], "std": [1.5]}, "noise": 0.15}}