{"x0": {"range": [0, 1], "params": {"mean": [0.8590763324563694], "std": [0.2]}, "noise": 0.01}, "x1": {"range": [0, 1], "params": {"mean": [0.21535908500174103], "std": [0.2]}, "noise": 0.01}, "x2": {"range": [0, 1], "params": {"mean": [0.765214536333042], "std": [0.2]}, "noise": 0.01}, "x3": {"range": [0, 1], "params": {"mean": [0.5411360779525014], "std": [0.2]}, "noise": 0.01}, "x4": {"range": [0, 1], "params": {"mean": [0.004898900740930903], "std": [0.2]}, "noise": 0.01}, "x5": {"range": [0, 1], "params": {"mean": [0.5738795556369853], "std": [0.2]}, "noise": 0.01}}