{"x0": {"range": [-5, 10], "params": {"mean": [4.48481467362374], "std": [0.15]}, "noise": 0.15}, "x1": {"range": [0, 15], "params": {"mean": [2.6625991170649095], "std": [0.15]}, "noise": 0.15}}