{"x0": {"range": [-5, 10], "params": {"mean": [2.0932746206886494], "std": [0.15]}, "noise": 0.15}, "x1": {"range": [0, 15], "params": {"mean": [1.4959652524725153], "std": [0.15]}, "noise": 0.15}}