{"x0": {"range": [-5, 10], "params": {"mean": [2.896109980090098], "std": [0.15]}, "noise": 0.15}, "x1": {"range": [0, 15], "params": {"mean": [2.5305923624599114], "std": [0.15]}, "noise": 0.15}}