{"x0": {"range": [-5, 10], "params": {"mean": [2.4210747522384737], "std": [0.15]}, "noise": 0.15}, "x1": {"range": [0, 15], "params": {"mean": [1.3413993010057386], "std": [0.15]}, "noise": 0.15}}