{"x0": {"range": [-5, 10], "params": {"mean": [3.3035543903593245], "std": [0.15]}, "noise": 0.15}, "x1": {"range": [0, 15], "params": {"mean": [2.3475256828152404], "std": [0.15]}, "noise": 0.15}}