{"x0": {"range": [-5, 10], "params": {"mean": [2.5312242035483625], "std": [0.15]}, "noise": 0.15}, "x1": {"range": [0, 15], "params": {"mean": [2.110503528789196], "std": [0.15]}, "noise": 0.15}}