{"x0": {"range": [-5, 10], "params": {"mean": [3.336927565009057], "std": [0.15]}, "noise": 0.15}, "x1": {"range": [0, 15], "params": {"mean": [2.352973446606697], "std": [0.15]}, "noise": 0.15}}