{"x0": {"range": [-5, 10], "params": {"mean": [4.01734651973464], "std": [0.15]}, "noise": 0.15}, "x1": {"range": [0, 15], "params": {"mean": [2.072054052174949], "std": [0.15]}, "noise": 0.15}}