{"x0": {"range": [-5, 10], "params": {"mean": [3.0166425046225593], "std": [0.15]}, "noise": 0.15}, "x1": {"range": [0, 15], "params": {"mean": [1.556873803327663], "std": [0.15]}, "noise": 0.15}}