{"x0": {"range": [-5, 10], "params": {"mean": [4.861486178738575], "std": [0.15]}, "noise": 0.15}, "x1": {"range": [0, 15], "params": {"mean": [1.764354929443018], "std": [0.15]}, "noise": 0.15}}