{"x0": {"range": [-5, 10], "params": {"mean": [3.3390049249842297], "std": [0.15]}, "noise": 0.15}, "x1": {"range": [0, 15], "params": {"mean": [2.50532342581355], "std": [0.15]}, "noise": 0.15}}