{"x0": {"range": [-5, 10], "params": {"mean": [3.2202367285291205], "std": [0.15]}, "noise": 0.15}, "x1": {"range": [0, 15], "params": {"mean": [1.9238621509074803], "std": [0.15]}, "noise": 0.15}}