{"x0": {"range": [-5, 10], "params": {"mean": [2.780281630482697], "std": [0.15]}, "noise": 0.15}, "x1": {"range": [0, 15], "params": {"mean": [2.4625794540603163], "std": [0.15]}, "noise": 0.15}}