{"x0": {"range": [-5, 10], "params": {"mean": [4.04582553162571], "std": [0.15]}, "noise": 0.15}, "x1": {"range": [0, 15], "params": {"mean": [2.3004381721316167], "std": [0.15]}, "noise": 0.15}}