{"x0": {"range": [-5, 10], "params": {"mean": [3.440251700923163], "std": [0.15]}, "noise": 0.15}, "x1": {"range": [0, 15], "params": {"mean": [3.738473048688409], "std": [0.15]}, "noise": 0.15}}