{"x0": {"range": [-5, 10], "params": {"mean": [3.7342159837030584], "std": [0.15]}, "noise": 0.15}, "x1": {"range": [0, 15], "params": {"mean": [1.2997135423215411], "std": [0.15]}, "noise": 0.15}}