{"x0": {"range": [-5, 10], "params": {"mean": [4.250492995312881], "std": [0.15]}, "noise": 0.15}, "x1": {"range": [0, 15], "params": {"mean": [2.1431421509111956], "std": [0.15]}, "noise": 0.15}}