{"x0": {"range": [-5, 10], "params": {"mean": [3.3458859564007284], "std": [0.15]}, "noise": 0.15}, "x1": {"range": [0, 15], "params": {"mean": [2.1668667200026124], "std": [0.15]}, "noise": 0.15}}