{"x0": {"range": [-5, 10], "params": {"mean": [1.024683228945014], "std": [0.15]}, "noise": 0.15}, "x1": {"range": [0, 15], "params": {"mean": [3.265091337684294], "std": [0.15]}, "noise": 0.15}}