{"x0": {"range": [-5, 10], "params": {"mean": [3.744476253977356], "std": [0.15]}, "noise": 0.15}, "x1": {"range": [0, 15], "params": {"mean": [1.1193408427934088], "std": [0.15]}, "noise": 0.15}}