{"x0": {"range": [0, 1], "params": {"mean": [0.003118988622820444], "std": [0.01]}, "noise": 0.01}, "x1": {"range": [0, 1], "params": {"mean": [0.997501342386389], "std": [0.01]}, "noise": 0.01}, "x2": {"range": [0, 1], "params": {"mean": [0.6442727248691518], "std": [0.01]}, "noise": 0.01}, "x3": {"range": [0, 1], "params": {"mean": [0.3958550455052096], "std": [0.01]}, "noise": 0.01}, "x4": {"range": [0, 1], "params": {"mean": [0.9926703026144111], "std": [0.01]}, "noise": 0.01}, "x5": {"range": [0, 1], "params": {"mean": [0.003053999191843614], "std": [0.01]}, "noise": 0.01}, "x6": {"range": [0, 1], "params": {"mean": [0.017703043832544143], "std": [0.01]}, "noise": 0.01}, "x7": {"range": [0, 1], "params": {"mean": [0.4163288512692581], "std": [0.01]}, "noise": 0.01}}