{"x0": {"range": [0, 1], "params": {"mean": [0.9716166984476351], "std": [0.1]}, "noise": 0.1}, "x1": {"range": [0, 1], "params": {"mean": [0.010653637122830774], "std": [0.1]}, "noise": 0.1}, "x2": {"range": [0, 1], "params": {"mean": [0.6049234279456612], "std": [0.1]}, "noise": 0.1}, "x3": {"range": [0, 1], "params": {"mean": [0.6796064608692436], "std": [0.1]}, "noise": 0.1}, "x4": {"range": [0, 1], "params": {"mean": [0.14031210897718838], "std": [0.1]}, "noise": 0.1}, "x5": {"range": [0, 1], "params": {"mean": [0.7226688147955062], "std": [0.1]}, "noise": 0.1}}