{"x0": {"range": [0, 1], "params": {"mean": [0.8309524239287436], "std": [0.1]}, "noise": 0.1}, "x1": {"range": [0, 1], "params": {"mean": [0.08103598195175628], "std": [0.1]}, "noise": 0.1}, "x2": {"range": [0, 1], "params": {"mean": [0.778964725232015], "std": [0.1]}, "noise": 0.1}, "x3": {"range": [0, 1], "params": {"mean": [0.9396190864500349], "std": [0.1]}, "noise": 0.1}, "x4": {"range": [0, 1], "params": {"mean": [0.05771389811870221], "std": [0.1]}, "noise": 0.1}, "x5": {"range": [0, 1], "params": {"mean": [0.8695024952524304], "std": [0.1]}, "noise": 0.1}}