{"x0": {"range": [-5, 10], "params": {"mean": [2.724222615497296], "std": [0.75]}, "noise": 0.15}, "x1": {"range": [0, 15], "params": {"mean": [2.4024007979069117], "std": [0.75]}, "noise": 0.15}}