{"x0": {"range": [-5, 10], "params": {"mean": [3.1834216322232027], "std": [0.75]}, "noise": 0.15}, "x1": {"range": [0, 15], "params": {"mean": [2.4409973887499055], "std": [0.75]}, "noise": 0.15}}