{"x0": {"range": [-5, 10], "params": {"mean": [3.124898333034867], "std": [0.75]}, "noise": 0.15}, "x1": {"range": [0, 15], "params": {"mean": [2.1135128061349215], "std": [0.75]}, "noise": 0.15}}