{"x0": {"range": [-5, 10], "params": {"mean": [3.1397846266680824], "std": [0.75]}, "noise": 0.15}, "x1": {"range": [0, 15], "params": {"mean": [2.086713720468074], "std": [0.75]}, "noise": 0.15}}