{"x0": {"range": [-5, 10], "params": {"mean": [3.1002312144006257], "std": [0.75]}, "noise": 0.15}, "x1": {"range": [0, 15], "params": {"mean": [2.380192874616319], "std": [0.75]}, "noise": 0.15}}