{"x0": {"range": [-5, 10], "params": {"mean": [3.2029948167547317], "std": [0.75]}, "noise": 0.15}, "x1": {"range": [0, 15], "params": {"mean": [2.3537947982962413], "std": [0.75]}, "noise": 0.15}}