{"x0": {"range": [-5, 10], "params": {"mean": [3.1197144982520566], "std": [0.75]}, "noise": 0.15}, "x1": {"range": [0, 15], "params": {"mean": [2.240350558973563], "std": [0.75]}, "noise": 0.15}}