{"x0": {"range": [-5, 10], "params": {"mean": [3.239545904485055], "std": [0.75]}, "noise": 0.15}, "x1": {"range": [0, 15], "params": {"mean": [1.922450315087816], "std": [0.75]}, "noise": 0.15}}