{"x0": {"range": [-5, 10], "params": {"mean": [2.8940332034031844], "std": [0.75]}, "noise": 0.15}, "x1": {"range": [0, 15], "params": {"mean": [2.398061241810874], "std": [0.75]}, "noise": 0.15}}