{"x0": {"range": [-5, 10], "params": {"mean": [2.9957495482445227], "std": [0.75]}, "noise": 0.15}, "x1": {"range": [0, 15], "params": {"mean": [2.2128190687063416], "std": [0.75]}, "noise": 0.15}}