{"x0": {"range": [-5, 10], "params": {"mean": [3.471846003773256], "std": [0.75]}, "noise": 0.15}, "x1": {"range": [0, 15], "params": {"mean": [2.3217937185626423], "std": [0.75]}, "noise": 0.15}}