{"x0": {"range": [-5, 10], "params": {"mean": [2.9515604798122723], "std": [0.75]}, "noise": 0.15}, "x1": {"range": [0, 15], "params": {"mean": [2.054743471939243], "std": [0.75]}, "noise": 0.15}}