{"x0": {"range": [-5, 10], "params": {"mean": [3.089030978354193], "std": [0.75]}, "noise": 0.15}, "x1": {"range": [0, 15], "params": {"mean": [2.029688925642406], "std": [0.75]}, "noise": 0.15}}