{"x0": {"range": [-5, 10], "params": {"mean": [3.0455518705793883], "std": [0.75]}, "noise": 0.15}, "x1": {"range": [0, 15], "params": {"mean": [2.486896888424849], "std": [0.75]}, "noise": 0.15}}