{"x0": {"range": [-5, 10], "params": {"mean": [3.0612959302617315], "std": [0.75]}, "noise": 0.15}, "x1": {"range": [0, 15], "params": {"mean": [2.331404917630196], "std": [0.75]}, "noise": 0.15}}