{"x0": {"range": [-5, 10], "params": {"mean": [3.336823121823137], "std": [0.75]}, "noise": 0.15}, "x1": {"range": [0, 15], "params": {"mean": [2.249355369038366], "std": [0.75]}, "noise": 0.15}}