{"x0": {"range": [-5, 10], "params": {"mean": [3.312374739102818], "std": [0.75]}, "noise": 0.15}, "x1": {"range": [0, 15], "params": {"mean": [2.250535813687223], "std": [0.75]}, "noise": 0.15}}