{"x0": {"range": [0, 1], "params": {"mean": [0.9054155993831187], "std": [0.05]}, "noise": 0.01}, "x1": {"range": [0, 1], "params": {"mean": [0.04234786187868284], "std": [0.05]}, "noise": 0.01}}