{"x0": {"range": [0, 1], "params": {"mean": [0.8941174764431405], "std": [0.05]}, "noise": 0.01}, "x1": {"range": [0, 1], "params": {"mean": [0.04757454047040182], "std": [0.05]}, "noise": 0.01}}