{"x0": {"range": [0, 1], "params": {"mean": [0.8859786616474995], "std": [0.05]}, "noise": 0.01}, "x1": {"range": [0, 1], "params": {"mean": [0.03667762924894707], "std": [0.05]}, "noise": 0.01}}