{"x0": {"range": [0, 1], "params": {"mean": [0.9023009339595436], "std": [0.05]}, "noise": 0.01}, "x1": {"range": [0, 1], "params": {"mean": [0.03553469881387196], "std": [0.05]}, "noise": 0.01}}