{"x0": {"range": [0, 1], "params": {"mean": [0.8949881938287083], "std": [0.05]}, "noise": 0.01}, "x1": {"range": [0, 1], "params": {"mean": [0.042692689827621776], "std": [0.05]}, "noise": 0.01}}