{"x0": {"range": [0, 1], "params": {"mean": [0.8853231448495583], "std": [0.05]}, "noise": 0.01}, "x1": {"range": [0, 1], "params": {"mean": [0.02385483837858962], "std": [0.05]}, "noise": 0.01}}