{"x0": {"range": [0, 1], "params": {"mean": [0.8942983556535498], "std": [0.05]}, "noise": 0.01}, "x1": {"range": [0, 1], "params": {"mean": [0.00803064597418841], "std": [0.05]}, "noise": 0.01}}