{"x0": {"range": [0, 1], "params": {"mean": [0.9031306062220769], "std": [0.05]}, "noise": 0.01}, "x1": {"range": [0, 1], "params": {"mean": [0.02123169169902022], "std": [0.05]}, "noise": 0.01}}