{"x0": {"range": [0, 1], "params": {"mean": [0.8891393160528427], "std": [0.05]}, "noise": 0.01}, "x1": {"range": [0, 1], "params": {"mean": [0.0362029674586889], "std": [0.05]}, "noise": 0.01}}