{"x0": {"range": [0, 1], "params": {"mean": [0.8934786404493374], "std": [0.05]}, "noise": 0.01}, "x1": {"range": [0, 1], "params": {"mean": [0.031181784271149194], "std": [0.05]}, "noise": 0.01}}