{"x0": {"range": [0, 1], "params": {"mean": [0.8936635566212442], "std": [0.05]}, "noise": 0.01}, "x1": {"range": [0, 1], "params": {"mean": [0.03800338405830373], "std": [0.05]}, "noise": 0.01}}