{"x0": {"range": [0, 1], "params": {"mean": [0.8764592629682028], "std": [0.05]}, "noise": 0.01}, "x1": {"range": [0, 1], "params": {"mean": [0.03957844345192232], "std": [0.05]}, "noise": 0.01}}