{"x0": {"range": [0, 1], "params": {"mean": [0.9066748817041466], "std": [0.05]}, "noise": 0.01}, "x1": {"range": [0, 1], "params": {"mean": [0.01667335455852317], "std": [0.05]}, "noise": 0.01}}