{"x0": {"range": [0, 1], "params": {"mean": [0.8847216295139332], "std": [0.05]}, "noise": 0.01}, "x1": {"range": [0, 1], "params": {"mean": [0.02411255784085102], "std": [0.05]}, "noise": 0.01}}