{"x0": {"range": [0, 1], "params": {"mean": [0.8854466810036878], "std": [0.05]}, "noise": 0.01}, "x1": {"range": [0, 1], "params": {"mean": [0.03185847784816352], "std": [0.05]}, "noise": 0.01}}