{"x0": {"range": [0, 1], "params": {"mean": [0.8936999158798402], "std": [0.05]}, "noise": 0.01}, "x1": {"range": [0, 1], "params": {"mean": [0.034576745393642555], "std": [0.05]}, "noise": 0.01}}