{"x0": {"range": [0, 1], "params": {"mean": [0.8828068512419767], "std": [0.05]}, "noise": 0.01}, "x1": {"range": [0, 1], "params": {"mean": [0.04414117728266219], "std": [0.05]}, "noise": 0.01}}