{"x0": {"range": [0, 1], "params": {"mean": [0.8816059289455935], "std": [0.05]}, "noise": 0.01}, "x1": {"range": [0, 1], "params": {"mean": [0.03684152812504203], "std": [0.05]}, "noise": 0.01}}