{"x0": {"range": [0, 1], "params": {"mean": [0.8849738896515598], "std": [0.05]}, "noise": 0.01}, "x1": {"range": [0, 1], "params": {"mean": [0.02671852539838203], "std": [0.05]}, "noise": 0.01}}