{"x0": {"range": [0, 1], "params": {"mean": [0.006472574382451417], "std": [0.02]}, "noise": 0.01}, "x1": {"range": [0, 1], "params": {"mean": [0.9765246107295262], "std": [0.02]}, "noise": 0.01}, "x2": {"range": [0, 1], "params": {"mean": [0.6285420572549317], "std": [0.02]}, "noise": 0.01}, "x3": {"range": [0, 1], "params": {"mean": [0.39584048327033144], "std": [0.02]}, "noise": 0.01}, "x4": {"range": [0, 1], "params": {"mean": [0.9924767186654447], "std": [0.02]}, "noise": 0.01}, "x5": {"range": [0, 1], "params": {"mean": [0.004708648071526604], "std": [0.02]}, "noise": 0.01}, "x6": {"range": [0, 1], "params": {"mean": [0.009419111239630776], "std": [0.02]}, "noise": 0.01}, "x7": {"range": [0, 1], "params": {"mean": [0.41552731218326405], "std": [0.02]}, "noise": 0.01}}