{"x0": {"range": [0, 1], "params": {"mean": [0.0020966156664982134], "std": [0.02]}, "noise": 0.01}, "x1": {"range": [0, 1], "params": {"mean": [0.9961713429099468], "std": [0.02]}, "noise": 0.01}, "x2": {"range": [0, 1], "params": {"mean": [0.6392504866404609], "std": [0.02]}, "noise": 0.01}, "x3": {"range": [0, 1], "params": {"mean": [0.38950437531413185], "std": [0.02]}, "noise": 0.01}, "x4": {"range": [0, 1], "params": {"mean": [0.9996434182100598], "std": [0.02]}, "noise": 0.01}, "x5": {"range": [0, 1], "params": {"mean": [0.004956869092316384], "std": [0.02]}, "noise": 0.01}, "x6": {"range": [0, 1], "params": {"mean": [0.003205351297534095], "std": [0.02]}, "noise": 0.01}, "x7": {"range": [0, 1], "params": {"mean": [0.434424869723676], "std": [0.02]}, "noise": 0.01}}