{"x0": {"range": [0, 1], "params": {"mean": [0.003590287500780466], "std": [0.02]}, "noise": 0.01}, "x1": {"range": [0, 1], "params": {"mean": [0.9967517927385657], "std": [0.02]}, "noise": 0.01}, "x2": {"range": [0, 1], "params": {"mean": [0.6391281262056353], "std": [0.02]}, "noise": 0.01}, "x3": {"range": [0, 1], "params": {"mean": [0.4076900273519784], "std": [0.02]}, "noise": 0.01}, "x4": {"range": [0, 1], "params": {"mean": [0.9890014132845115], "std": [0.02]}, "noise": 0.01}, "x5": {"range": [0, 1], "params": {"mean": [0.010137033199766918], "std": [0.02]}, "noise": 0.01}, "x6": {"range": [0, 1], "params": {"mean": [0.014349030707667314], "std": [0.02]}, "noise": 0.01}, "x7": {"range": [0, 1], "params": {"mean": [0.41183577637940894], "std": [0.02]}, "noise": 0.01}}