{"x0": {"range": [0, 1], "params": {"mean": [0.013488467417254197], "std": [0.02]}, "noise": 0.01}, "x1": {"range": [0, 1], "params": {"mean": [0.9823824073319877], "std": [0.02]}, "noise": 0.01}, "x2": {"range": [0, 1], "params": {"mean": [0.6431333960278918], "std": [0.02]}, "noise": 0.01}, "x3": {"range": [0, 1], "params": {"mean": [0.3925635390968324], "std": [0.02]}, "noise": 0.01}, "x4": {"range": [0, 1], "params": {"mean": [0.9987052667279249], "std": [0.02]}, "noise": 0.01}, "x5": {"range": [0, 1], "params": {"mean": [8.56892236230244e-05], "std": [0.02]}, "noise": 0.01}, "x6": {"range": [0, 1], "params": {"mean": [0.008490534742310048], "std": [0.02]}, "noise": 0.01}, "x7": {"range": [0, 1], "params": {"mean": [0.44078874136443247], "std": [0.02]}, "noise": 0.01}}