{"x0": {"range": [0, 1], "params": {"mean": [0.02891611260114592], "std": [0.05]}, "noise": 0.01}, "x1": {"range": [0, 1], "params": {"mean": [0.9911984223578084], "std": [0.05]}, "noise": 0.01}, "x2": {"range": [0, 1], "params": {"mean": [0.43795025468418525], "std": [0.05]}, "noise": 0.01}, "x3": {"range": [0, 1], "params": {"mean": [0.3224014223789314], "std": [0.05]}, "noise": 0.01}, "x4": {"range": [0, 1], "params": {"mean": [0.8470327111366557], "std": [0.05]}, "noise": 0.01}, "x5": {"range": [0, 1], "params": {"mean": [0.1540868543895649], "std": [0.05]}, "noise": 0.01}, "x6": {"range": [0, 1], "params": {"mean": [0.10184509509718209], "std": [0.05]}, "noise": 0.01}, "x7": {"range": [0, 1], "params": {"mean": [0.5666645482135201], "std": [0.05]}, "noise": 0.01}}