{"x0": {"range": [0, 1], "params": {"mean": [0.09502232195034295], "std": [0.01]}, "noise": 0.0}, "x1": {"range": [0, 1], "params": {"mean": [0.9997423348628324], "std": [0.01]}, "noise": 0.0}, "x2": {"range": [0, 1], "params": {"mean": [0.3849647423269124], "std": [0.01]}, "noise": 0.0}, "x3": {"range": [0, 1], "params": {"mean": [0.9997772780662821], "std": [0.01]}, "noise": 0.0}, "x4": {"range": [0, 1], "params": {"mean": [0.14390988891905773], "std": [0.01]}, "noise": 0.0}, "x5": {"range": [0, 1], "params": {"mean": [0.04496688040264126], "std": [0.01]}, "noise": 0.0}}