{"x0": {"range": [0, 1], "params": {"mean": [0.1722821177358651], "std": [0.02]}, "noise": 0.01}, "x1": {"range": [0, 1], "params": {"mean": [0.19049417880172093], "std": [0.02]}, "noise": 0.01}, "x2": {"range": [0, 1], "params": {"mean": [0.46157243565402123], "std": [0.02]}, "noise": 0.01}, "x3": {"range": [0, 1], "params": {"mean": [0.28896069983298694], "std": [0.02]}, "noise": 0.01}, "x4": {"range": [0, 1], "params": {"mean": [0.30383764443445277], "std": [0.02]}, "noise": 0.01}, "x5": {"range": [0, 1], "params": {"mean": [0.6763089523908191], "std": [0.02]}, "noise": 0.01}}