{"x0": {"range": [-5, 10], "params": {"mean": [3.9274563662877005], "std": [0.75]}, "noise": 0.15}, "x1": {"range": [0, 15], "params": {"mean": [2.8759035350824163], "std": [0.75]}, "noise": 0.15}}