{"x0": {"range": [-5, 10], "params": {"mean": [4.023090160948924], "std": [0.75]}, "noise": 0.15}, "x1": {"range": [0, 15], "params": {"mean": [2.156296183587961], "std": [0.75]}, "noise": 0.15}}