{"x0": {"range": [-5, 10], "params": {"mean": [2.2894546101269206], "std": [0.75]}, "noise": 0.15}, "x1": {"range": [0, 15], "params": {"mean": [2.8629352372320716], "std": [0.75]}, "noise": 0.15}}