{"x0": {"range": [-5, 10], "params": {"mean": [3.4588203586996458], "std": [0.75]}, "noise": 0.15}, "x1": {"range": [0, 15], "params": {"mean": [3.0331919825157314], "std": [0.75]}, "noise": 0.15}}