{"x0": {"range": [-5, 10], "params": {"mean": [3.0859923707061796], "std": [0.75]}, "noise": 0.15}, "x1": {"range": [0, 15], "params": {"mean": [2.1499062908836053], "std": [0.75]}, "noise": 0.15}}