{"x0": {"range": [-5, 10], "params": {"mean": [2.0396911208393638], "std": [0.75]}, "noise": 0.15}, "x1": {"range": [0, 15], "params": {"mean": [2.5099453142364827], "std": [0.75]}, "noise": 0.15}}