{"x0": {"range": [-5, 10], "params": {"mean": [2.155290370471919], "std": [0.75]}, "noise": 0.15}, "x1": {"range": [0, 15], "params": {"mean": [1.2011098365767954], "std": [0.75]}, "noise": 0.15}}