{"x0": {"range": [-5, 10], "params": {"mean": [3.3735514974772993], "std": [0.75]}, "noise": 0.15}, "x1": {"range": [0, 15], "params": {"mean": [2.8431140440454774], "std": [0.75]}, "noise": 0.15}}