{"x0": {"range": [-5, 10], "params": {"mean": [4.513849721794971], "std": [0.75]}, "noise": 0.15}, "x1": {"range": [0, 15], "params": {"mean": [2.4229959505436343], "std": [0.75]}, "noise": 0.15}}