{"x0": {"range": [-5, 10], "params": {"mean": [3.8961299600308728], "std": [0.75]}, "noise": 0.15}, "x1": {"range": [0, 15], "params": {"mean": [2.7031111564408534], "std": [0.75]}, "noise": 0.15}}