{"x0": {"range": [-5, 10], "params": {"mean": [4.32347208099286], "std": [0.75]}, "noise": 0.15}, "x1": {"range": [0, 15], "params": {"mean": [2.2789082981870474], "std": [0.75]}, "noise": 0.15}}