{"x0": {"range": [-5, 10], "params": {"mean": [3.894764094709276], "std": [0.75]}, "noise": 0.15}, "x1": {"range": [0, 15], "params": {"mean": [1.227814922418975], "std": [0.75]}, "noise": 0.15}}