{"x0": {"range": [-5, 10], "params": {"mean": [3.5536817457559855], "std": [0.75]}, "noise": 0.15}, "x1": {"range": [0, 15], "params": {"mean": [3.080182976174827], "std": [0.75]}, "noise": 0.15}}