{"x0": {"range": [-5, 10], "params": {"mean": [3.707884324625206], "std": [0.75]}, "noise": 0.15}, "x1": {"range": [0, 15], "params": {"mean": [1.0216764778957734], "std": [0.75]}, "noise": 0.15}}