{"x0": {"range": [-5, 10], "params": {"mean": [2.837962255191943], "std": [0.75]}, "noise": 0.15}, "x1": {"range": [0, 15], "params": {"mean": [1.8552402663285756], "std": [0.75]}, "noise": 0.15}}