{"x0": {"range": [-5, 10], "params": {"mean": [2.9285105783666463], "std": [0.75]}, "noise": 0.15}, "x1": {"range": [0, 15], "params": {"mean": [3.359759577143861], "std": [0.75]}, "noise": 0.15}}