{"x0": {"range": [-5, 10], "params": {"mean": [2.601044696301492], "std": [0.75]}, "noise": 0.15}, "x1": {"range": [0, 15], "params": {"mean": [1.2580260520127136], "std": [0.75]}, "noise": 0.15}}