{"x0": {"range": [-5, 10], "params": {"mean": [3.2676605347987024], "std": [0.75]}, "noise": 0.15}, "x1": {"range": [0, 15], "params": {"mean": [3.7017528020047257], "std": [0.75]}, "noise": 0.15}}