{"x0": {"range": [-5, 10], "params": {"mean": [3.117850412305243], "std": [0.75]}, "noise": 0.15}, "x1": {"range": [0, 15], "params": {"mean": [1.2463878466757976], "std": [0.75]}, "noise": 0.15}}