{"x0": {"range": [0, 1], "params": {"mean": [0.8890322679314431], "std": [0.01]}, "noise": 0.01}, "x1": {"range": [0, 1], "params": {"mean": [0.03832574337522829], "std": [0.01]}, "noise": 0.01}}