{"x0": {"range": [0, 1], "params": {"mean": [0.8760105101630553], "std": [0.01]}, "noise": 0.01}, "x1": {"range": [0, 1], "params": {"mean": [0.020352114505070164], "std": [0.01]}, "noise": 0.01}}