{"x0": {"range": [0, 1], "params": {"mean": [0.8890604103328662], "std": [0.01]}, "noise": 0.01}, "x1": {"range": [0, 1], "params": {"mean": [0.024826034511184956], "std": [0.01]}, "noise": 0.01}}