{"x0": {"range": [0, 1], "params": {"mean": [0.8934603164258214], "std": [0.01]}, "noise": 0.01}, "x1": {"range": [0, 1], "params": {"mean": [0.04442402372459596], "std": [0.01]}, "noise": 0.01}}