{"x0": {"range": [0, 1], "params": {"mean": [0.8783478718925888], "std": [0.01]}, "noise": 0.01}, "x1": {"range": [0, 1], "params": {"mean": [0.05119773015490345], "std": [0.01]}, "noise": 0.01}}