{"x0": {"range": [0, 1], "params": {"mean": [0.8986142416981789], "std": [0.01]}, "noise": 0.01}, "x1": {"range": [0, 1], "params": {"mean": [0.037936580324265605], "std": [0.01]}, "noise": 0.01}}