{"x0": {"range": [0, 1], "params": {"mean": [0.8828119039536413], "std": [0.01]}, "noise": 0.01}, "x1": {"range": [0, 1], "params": {"mean": [0.03484077898787949], "std": [0.01]}, "noise": 0.01}}