{"x0": {"range": [0, 1], "params": {"mean": [0.8951814685973463], "std": [0.01]}, "noise": 0.01}, "x1": {"range": [0, 1], "params": {"mean": [0.01015107084875334], "std": [0.01]}, "noise": 0.01}}