{"x0": {"range": [0, 1], "params": {"mean": [0.8835031533516623], "std": [0.01]}, "noise": 0.01}, "x1": {"range": [0, 1], "params": {"mean": [0.02483258007584275], "std": [0.01]}, "noise": 0.01}}