{"x0": {"range": [0, 1], "params": {"mean": [0.904847249189436], "std": [0.01]}, "noise": 0.01}, "x1": {"range": [0, 1], "params": {"mean": [0.044328348145228964], "std": [0.01]}, "noise": 0.01}}