{"x0": {"range": [0, 1], "params": {"mean": [0.8936737927554257], "std": [0.01]}, "noise": 0.01}, "x1": {"range": [0, 1], "params": {"mean": [0.017571636423005115], "std": [0.01]}, "noise": 0.01}}