{"x0": {"range": [0, 1], "params": {"mean": [0.8857603211822468], "std": [0.01]}, "noise": 0.01}, "x1": {"range": [0, 1], "params": {"mean": [0.022205574725681583], "std": [0.01]}, "noise": 0.01}}