{"x0": {"range": [0, 1], "params": {"mean": [0.8923626606576005], "std": [0.01]}, "noise": 0.01}, "x1": {"range": [0, 1], "params": {"mean": [0.03234291205976636], "std": [0.01]}, "noise": 0.01}}