{"x0": {"range": [0, 1], "params": {"mean": [0.8947317321740074], "std": [0.01]}, "noise": 0.01}, "x1": {"range": [0, 1], "params": {"mean": [0.024156863678050214], "std": [0.01]}, "noise": 0.01}}