{"x0": {"range": [0, 1], "params": {"mean": [0.9077313425579484], "std": [0.01]}, "noise": 0.01}, "x1": {"range": [0, 1], "params": {"mean": [0.03440451174174981], "std": [0.01]}, "noise": 0.01}}