{"x0": {"range": [0, 1], "params": {"mean": [0.8827723342863022], "std": [0.01]}, "noise": 0.01}, "x1": {"range": [0, 1], "params": {"mean": [0.035231716990109116], "std": [0.01]}, "noise": 0.01}}