{"x0": {"range": [0, 1], "params": {"mean": [0.8702447504635941], "std": [0.01]}, "noise": 0.01}, "x1": {"range": [0, 1], "params": {"mean": [0.03017357393970031], "std": [0.01]}, "noise": 0.01}}