{"x0": {"range": [0, 1], "params": {"mean": [0.8774597669746765], "std": [0.01]}, "noise": 0.01}, "x1": {"range": [0, 1], "params": {"mean": [0.041763490686119654], "std": [0.01]}, "noise": 0.01}}