{"x0": {"range": [0, 1], "params": {"mean": [0.9121899977864761], "std": [0.01]}, "noise": 0.01}, "x1": {"range": [0, 1], "params": {"mean": [0.025357700237142553], "std": [0.01]}, "noise": 0.01}}