{"x0": {"range": [0, 1], "params": {"mean": [0.8897486650718649], "std": [0.01]}, "noise": 0.01}, "x1": {"range": [0, 1], "params": {"mean": [0.026105354396069504], "std": [0.01]}, "noise": 0.01}}