{"x0": {"range": [0, 1], "params": {"mean": [0.9111507416776633], "std": [0.02]}, "noise": 0.01}, "x1": {"range": [0, 1], "params": {"mean": [0.17239554116007566], "std": [0.02]}, "noise": 0.01}}