{"x0": {"range": [0, 1], "params": {"mean": [0.8584663850127804], "std": [0.02]}, "noise": 0.01}, "x1": {"range": [0, 1], "params": {"mean": [0.03941756447264197], "std": [0.02]}, "noise": 0.01}}