{"x0": {"range": [0, 1], "params": {"mean": [0.9525301708320263], "std": [0.02]}, "noise": 0.01}, "x1": {"range": [0, 1], "params": {"mean": [0.23497360560787894], "std": [0.02]}, "noise": 0.01}}