{"x0": {"range": [0, 1], "params": {"mean": [0.8333768175232286], "std": [0.02]}, "noise": 0.01}, "x1": {"range": [0, 1], "params": {"mean": [0.13055053222074692], "std": [0.02]}, "noise": 0.01}}