{"x0": {"range": [0, 1], "params": {"mean": [0.8505273996791178], "std": [0.02]}, "noise": 0.01}, "x1": {"range": [0, 1], "params": {"mean": [0.147063719267838], "std": [0.02]}, "noise": 0.01}}