{"x0": {"range": [0, 1], "params": {"mean": [0.8433443283497705], "std": [0.02]}, "noise": 0.01}, "x1": {"range": [0, 1], "params": {"mean": [0.1566580499193439], "std": [0.02]}, "noise": 0.01}}