{"x0": {"range": [0, 1], "params": {"mean": [0.9343973705968394], "std": [0.02]}, "noise": 0.01}, "x1": {"range": [0, 1], "params": {"mean": [0.04986352920901726], "std": [0.02]}, "noise": 0.01}}