{"x0": {"range": [0, 1], "params": {"mean": [0.7559154346103863], "std": [0.02]}, "noise": 0.01}, "x1": {"range": [0, 1], "params": {"mean": [0.22794540577213424], "std": [0.02]}, "noise": 0.01}}