{"x0": {"range": [0, 1], "params": {"mean": [0.836037721152947], "std": [0.02]}, "noise": 0.01}, "x1": {"range": [0, 1], "params": {"mean": [0.12646266271147466], "std": [0.02]}, "noise": 0.01}}