{"x0": {"range": [0, 1], "params": {"mean": [0.8694721158474634], "std": [0.02]}, "noise": 0.01}, "x1": {"range": [0, 1], "params": {"mean": [0.02382306595224208], "std": [0.02]}, "noise": 0.01}}