{"x0": {"range": [0, 1], "params": {"mean": [0.8906414097109074], "std": [0.02]}, "noise": 0.01}, "x1": {"range": [0, 1], "params": {"mean": [0.1546323305984461], "std": [0.02]}, "noise": 0.01}}