{"x0": {"range": [0, 1], "params": {"mean": [0.8884583529562633], "std": [0.02]}, "noise": 0.01}, "x1": {"range": [0, 1], "params": {"mean": [0.028758835923110203], "std": [0.02]}, "noise": 0.01}}