{"x0": {"range": [0, 1], "params": {"mean": [0.9139510188712228], "std": [0.02]}, "noise": 0.01}, "x1": {"range": [0, 1], "params": {"mean": [0.07802964666196252], "std": [0.02]}, "noise": 0.01}}