{"x0": {"range": [0, 1], "params": {"mean": [0.9021698183816469], "std": [0.02]}, "noise": 0.01}, "x1": {"range": [0, 1], "params": {"mean": [0.05148373581841162], "std": [0.02]}, "noise": 0.01}}