{"x0": {"range": [0, 1], "params": {"mean": [0.8849425951451275], "std": [0.02]}, "noise": 0.01}, "x1": {"range": [0, 1], "params": {"mean": [0.13609060571717313], "std": [0.02]}, "noise": 0.01}}