{"x0": {"range": [0, 1], "params": {"mean": [0.9031102577335646], "std": [0.02]}, "noise": 0.01}, "x1": {"range": [0, 1], "params": {"mean": [0.028116718238523377], "std": [0.02]}, "noise": 0.01}}