{"x0": {"range": [0, 1], "params": {"mean": [0.9033908193408475], "std": [0.02]}, "noise": 0.01}, "x1": {"range": [0, 1], "params": {"mean": [0.08472208343960926], "std": [0.02]}, "noise": 0.01}}