{"x0": {"range": [0, 1], "params": {"mean": [0.9288552012834829], "std": [0.02]}, "noise": 0.01}, "x1": {"range": [0, 1], "params": {"mean": [0.05598592843169778], "std": [0.02]}, "noise": 0.01}}