{"x0": {"range": [0, 1], "params": {"mean": [0.8986035306233654], "std": [0.02]}, "noise": 0.01}, "x1": {"range": [0, 1], "params": {"mean": [0.12151138470023341], "std": [0.02]}, "noise": 0.01}}