{"x0": {"range": [0, 1], "params": {"mean": [0.8271354229743498], "std": [0.02]}, "noise": 0.01}, "x1": {"range": [0, 1], "params": {"mean": [0.23749775778737686], "std": [0.02]}, "noise": 0.01}}