{"x0": {"range": [-5, 10], "params": {"mean": [3.127162233531395], "std": [0.3]}, "noise": 0.15}, "x1": {"range": [0, 15], "params": {"mean": [2.5344309768343702], "std": [0.3]}, "noise": 0.15}}