{"x0": {"range": [-5, 10], "params": {"mean": [4.28133371246957], "std": [0.3]}, "noise": 0.15}, "x1": {"range": [0, 15], "params": {"mean": [2.6085476904604885], "std": [0.3]}, "noise": 0.15}}