{"x0": {"range": [-5, 10], "params": {"mean": [2.9845031343954513], "std": [0.3]}, "noise": 0.15}, "x1": {"range": [0, 15], "params": {"mean": [1.7700941092940374], "std": [0.3]}, "noise": 0.15}}