{"x0": {"range": [-5, 10], "params": {"mean": [3.614124460820342], "std": [0.3]}, "noise": 0.15}, "x1": {"range": [0, 15], "params": {"mean": [2.4371831077184773], "std": [0.3]}, "noise": 0.15}}