{"x0": {"range": [-5, 10], "params": {"mean": [3.095387468596633], "std": [0.3]}, "noise": 0.15}, "x1": {"range": [0, 15], "params": {"mean": [2.398722339596933], "std": [0.3]}, "noise": 0.15}}