{"x0": {"range": [-5, 10], "params": {"mean": [3.1662661664632874], "std": [0.3]}, "noise": 0.15}, "x1": {"range": [0, 15], "params": {"mean": [1.7116554780439577], "std": [0.3]}, "noise": 0.15}}