{"x0": {"range": [-5, 10], "params": {"mean": [2.838196349039278], "std": [0.3]}, "noise": 0.15}, "x1": {"range": [0, 15], "params": {"mean": [4.005145094636831], "std": [0.3]}, "noise": 0.15}}