{"x0": {"range": [-5, 10], "params": {"mean": [4.623407907173275], "std": [0.3]}, "noise": 0.15}, "x1": {"range": [0, 15], "params": {"mean": [2.260797781985585], "std": [0.3]}, "noise": 0.15}}