{"x0": {"range": [-5, 10], "params": {"mean": [3.2780528229107353], "std": [0.3]}, "noise": 0.15}, "x1": {"range": [0, 15], "params": {"mean": [1.6226291205499406], "std": [0.3]}, "noise": 0.15}}