{"x0": {"range": [-5, 10], "params": {"mean": [1.9258710333596896], "std": [0.3]}, "noise": 0.15}, "x1": {"range": [0, 15], "params": {"mean": [2.1291621546785544], "std": [0.3]}, "noise": 0.15}}