{"x0": {"range": [-5, 10], "params": {"mean": [3.327328204542674], "std": [0.3]}, "noise": 0.15}, "x1": {"range": [0, 15], "params": {"mean": [1.9698303463560016], "std": [0.3]}, "noise": 0.15}}