{"x0": {"range": [-5, 10], "params": {"mean": [3.001805491000105], "std": [0.3]}, "noise": 0.15}, "x1": {"range": [0, 15], "params": {"mean": [3.5258604305578958], "std": [0.3]}, "noise": 0.15}}