{"x0": {"range": [-5, 10], "params": {"mean": [3.298054776624986], "std": [0.3]}, "noise": 0.15}, "x1": {"range": [0, 15], "params": {"mean": [2.329790858392537], "std": [0.3]}, "noise": 0.15}}