{"x0": {"range": [-5, 10], "params": {"mean": [3.000540576466024], "std": [0.3]}, "noise": 0.15}, "x1": {"range": [0, 15], "params": {"mean": [1.4237215056041115], "std": [0.3]}, "noise": 0.15}}