{"x0": {"range": [-5, 10], "params": {"mean": [2.169028360008338], "std": [0.3]}, "noise": 0.15}, "x1": {"range": [0, 15], "params": {"mean": [2.9294632790421793], "std": [0.3]}, "noise": 0.15}}