{"x0": {"range": [-5, 10], "params": {"mean": [3.47269210521992], "std": [0.3]}, "noise": 0.15}, "x1": {"range": [0, 15], "params": {"mean": [3.0714283166538676], "std": [0.3]}, "noise": 0.15}}