{"x0": {"range": [-5, 10], "params": {"mean": [3.6033104493905093], "std": [0.3]}, "noise": 0.15}, "x1": {"range": [0, 15], "params": {"mean": [1.2816465893742541], "std": [0.3]}, "noise": 0.15}}