{"x0": {"range": [-5, 10], "params": {"mean": [3.874072736496867], "std": [0.3]}, "noise": 0.15}, "x1": {"range": [0, 15], "params": {"mean": [1.8720397100247066], "std": [0.3]}, "noise": 0.15}}