{"x0": {"range": [-5, 10], "params": {"mean": [3.3694436980189413], "std": [0.3]}, "noise": 0.15}, "x1": {"range": [0, 15], "params": {"mean": [3.450367400255098], "std": [0.3]}, "noise": 0.15}}