{"x0": {"range": [-5, 10], "params": {"mean": [0.3766691495305814], "std": [1.5]}, "noise": 1.5}, "x1": {"range": [0, 15], "params": {"mean": [2.21554270847696], "std": [1.5]}, "noise": 1.5}}