{"x0": {"range": [-5, 10], "params": {"mean": [1.0204988089517508], "std": [1.5]}, "noise": 1.5}, "x1": {"range": [0, 15], "params": {"mean": [1.0700994380062225], "std": [1.5]}, "noise": 1.5}}