{"x0": {"range": [-5, 10], "params": {"mean": [2.5937312659739704], "std": [1.5]}, "noise": 1.5}, "x1": {"range": [0, 15], "params": {"mean": [4.662186050206428], "std": [1.5]}, "noise": 1.5}}