{"x0": {"range": [-5, 10], "params": {"mean": [1.889899986367864], "std": [1.5]}, "noise": 1.5}, "x1": {"range": [0, 15], "params": {"mean": [2.5836041613295726], "std": [1.5]}, "noise": 1.5}}