{"x0": {"range": [-5, 10], "params": {"mean": [3.9756712052219294], "std": [1.5]}, "noise": 1.5}, "x1": {"range": [0, 15], "params": {"mean": [2.8857236200811696], "std": [1.5]}, "noise": 1.5}}