{"x0": {"range": [-5, 10], "params": {"mean": [3.5404366033727617], "std": [1.5]}, "noise": 1.5}, "x1": {"range": [0, 15], "params": {"mean": [4.228214485762777], "std": [1.5]}, "noise": 1.5}}