{"x0": {"range": [-5, 10], "params": {"mean": [6.586931605579398], "std": [1.5]}, "noise": 1.5}, "x1": {"range": [0, 15], "params": {"mean": [2.990432142813276], "std": [1.5]}, "noise": 1.5}}