{"x0": {"range": [-5, 10], "params": {"mean": [1.9614584573803886], "std": [1.5]}, "noise": 1.5}, "x1": {"range": [0, 15], "params": {"mean": [3.7898165233441428], "std": [1.5]}, "noise": 1.5}}