{"x0": {"range": [-5, 10], "params": {"mean": [4.729961854142879], "std": [1.5]}, "noise": 1.5}, "x1": {"range": [0, 15], "params": {"mean": [2.77562486455194], "std": [1.5]}, "noise": 1.5}}