{"x0": {"range": [-5, 10], "params": {"mean": [3.4540855503930956], "std": [1.5]}, "noise": 1.5}, "x1": {"range": [0, 15], "params": {"mean": [2.69065020456153], "std": [1.5]}, "noise": 1.5}}