{"x0": {"range": [-5, 10], "params": {"mean": [1.0385868624190686], "std": [1.5]}, "noise": 1.5}, "x1": {"range": [0, 15], "params": {"mean": [1.0267541135261757], "std": [1.5]}, "noise": 1.5}}