{"x0": {"range": [-5, 10], "params": {"mean": [3.5778054755801416], "std": [1.5]}, "noise": 1.5}, "x1": {"range": [0, 15], "params": {"mean": [3.4019492752703346], "std": [1.5]}, "noise": 1.5}}