{"x0": {"range": [-5, 10], "params": {"mean": [3.3796895744474087], "std": [1.5]}, "noise": 1.5}, "x1": {"range": [0, 15], "params": {"mean": [0.21023808171311176], "std": [1.5]}, "noise": 1.5}}