{"x0": {"range": [-5, 10], "params": {"mean": [2.2652546289964164], "std": [1.5]}, "noise": 1.5}, "x1": {"range": [0, 15], "params": {"mean": [2.298968006411655], "std": [1.5]}, "noise": 1.5}}