{"x0": {"range": [-5, 10], "params": {"mean": [3.752189978094173], "std": [1.5]}, "noise": 1.5}, "x1": {"range": [0, 15], "params": {"mean": [2.05577571075569], "std": [1.5]}, "noise": 1.5}}