{"x0": {"range": [-5, 10], "params": {"mean": [3.622786526468633], "std": [1.5]}, "noise": 1.5}, "x1": {"range": [0, 15], "params": {"mean": [5.461970318057228], "std": [1.5]}, "noise": 1.5}}