{"x0": {"range": [-5, 10], "params": {"mean": [1.5364008482045894], "std": [1.5]}, "noise": 1.5}, "x1": {"range": [0, 15], "params": {"mean": [1.6428185719568245], "std": [1.5]}, "noise": 1.5}}