{"x0": {"range": [-5, 10], "params": {"mean": [6.663729104207409], "std": [1.5]}, "noise": 1.5}, "x1": {"range": [0, 15], "params": {"mean": [0.45878758656107665], "std": [1.5]}, "noise": 1.5}}