{"x0": {"range": [-5, 10], "params": {"mean": [2.337179705536907], "std": [1.5]}, "noise": 1.5}, "x1": {"range": [0, 15], "params": {"mean": [2.49241283926699], "std": [1.5]}, "noise": 1.5}}