{"x0": {"range": [-5, 10], "params": {"mean": [4.287349392567245], "std": [1.5]}, "noise": 1.5}, "x1": {"range": [0, 15], "params": {"mean": [0.8450723906142352], "std": [1.5]}, "noise": 1.5}}